INSERT INTO customers (customer_id, first_name, last_name, email, phone, created_at) VALUES
  (1, 'Danielle', 'Johnson', 'danielle.johnson1@gmail.com', NULL, '2024-10-08 12:15:00'),
  (2, 'Joshua', 'Walker', 'joshua.walker2@yahoo.com', '+1-892-858-9935', '2024-03-30 18:45:00'),
  (3, 'Jill', 'Rhodes', 'jill.rhodes3@gmail.com', NULL, '2024-08-11 12:00:00'),
  (4, 'Patricia', 'Miller', 'patricia.miller4@icloud.com', '+1-865-818-9928', '2025-03-05 12:45:00'),
  (5, 'Robert', 'Johnson', 'robert.johnson5@icloud.com', '+1-206-877-3615', '2025-12-15 15:30:00'),
  (6, 'Jeffery', 'Wagner', 'jeffery.wagner6@outlook.com', '+1-981-444-2674', '2024-04-04 15:00:00'),
  (7, 'Anthony', 'Gonzalez', 'anthony.gonzalez7@outlook.com', '+1-818-370-1711', '2025-04-15 17:00:00'),
  (8, 'Debra', 'Gardner', 'debra.gardner8@hotmail.com', NULL, '2024-10-27 19:30:00'),
  (9, 'Jeffrey', 'Lawrence', 'jeffrey.lawrence9@icloud.com', '+1-271-146-4733', '2024-10-23 10:15:00'),
  (10, 'Lisa', 'Smith', 'lisa.smith10@gmail.com', '+1-664-750-6977', '2024-06-15 14:30:00'),
  (11, 'Linda', 'Wolfe', 'linda.wolfe11@yahoo.com', '+1-918-799-2169', '2025-09-15 19:15:00'),
  (12, 'Matthew', 'Moore', 'matthew.moore12@icloud.com', '+1-367-573-7216', '2024-10-03 19:15:00'),
  (13, 'Susan', 'Rogers', 'susan.rogers13@outlook.com', '+1-994-157-4752', '2024-02-02 21:30:00'),
  (14, 'Christopher', 'Davis', 'christopher.davis14@hotmail.com', '+1-416-680-6155', '2024-08-05 19:45:00'),
  (15, 'Melanie', 'Munoz', 'melanie.munoz15@hotmail.com', '+1-858-569-3340', '2024-09-28 11:15:00'),
  (16, 'Lindsay', 'Blair', 'lindsay.blair16@icloud.com', '+1-964-698-8019', '2025-08-20 15:30:00'),
  (17, 'Amanda', 'Dudley', 'amanda.dudley17@yahoo.com', '+1-341-621-9085', '2024-04-03 21:00:00'),
  (18, 'Nicholas', 'Arnold', 'nicholas.arnold18@gmail.com', '+1-363-911-7916', '2025-09-02 10:45:00'),
  (19, 'Maria', 'Montgomery', 'maria.montgomery19@hotmail.com', '+1-679-641-5119', '2025-07-20 09:00:00'),
  (20, 'Michelle', 'Ray', 'michelle.ray20@icloud.com', '+1-987-756-6573', '2024-04-24 13:45:00'),
  (21, 'Janet', 'Williams', 'janet.williams21@yahoo.com', '+1-939-996-5315', '2025-05-27 21:15:00'),
  (22, 'Jeremy', 'Roberts', 'jeremy.roberts22@icloud.com', '+1-840-405-9317', '2025-09-15 12:15:00'),
  (23, 'Christopher', 'Hall', 'christopher.hall23@outlook.com', '+1-752-897-9689', '2024-01-01 18:30:00'),
  (24, 'Craig', 'Ramirez', 'craig.ramirez24@hotmail.com', NULL, '2025-01-06 21:30:00'),
  (25, 'Cynthia', 'Diaz', 'cynthia.diaz25@yahoo.com', NULL, '2025-08-03 10:00:00'),
  (26, 'Mitchell', 'Clark', 'mitchell.clark26@hotmail.com', '+1-978-645-3060', '2024-05-11 19:45:00'),
  (27, 'Joseph', 'Zuniga', 'joseph.zuniga27@icloud.com', '+1-740-993-7932', '2024-08-04 17:15:00'),
  (28, 'Deborah', 'Lynch', 'deborah.lynch28@outlook.com', '+1-887-765-7118', '2025-03-24 17:45:00'),
  (29, 'George', 'Daniel', 'george.daniel29@gmail.com', '+1-265-446-1344', '2025-08-25 17:15:00'),
  (30, 'Frank', 'Gray', 'frank.gray30@icloud.com', '+1-272-824-1964', '2024-08-22 10:00:00'),
  (31, 'Veronica', 'Bowman', 'veronica.bowman31@outlook.com', NULL, '2024-08-31 13:45:00'),
  (32, 'Angela', 'Cohen', 'angela.cohen32@yahoo.com', '+1-940-684-8744', '2024-09-05 21:45:00'),
  (33, 'Megan', 'Parsons', 'megan.parsons33@hotmail.com', '+1-299-774-8062', '2024-12-28 15:45:00'),
  (34, 'Jeremy', 'Johnson', 'jeremy.johnson34@hotmail.com', '+1-255-789-2612', '2024-03-03 15:30:00'),
  (35, 'Leslie', 'Adams', 'leslie.adams35@gmail.com', '+1-394-649-8350', '2024-05-23 15:15:00'),
  (36, 'Jason', 'Hahn', 'jason.hahn36@outlook.com', '+1-277-553-2604', '2024-02-21 19:00:00'),
  (37, 'Nancy', 'Edwards', 'nancy.edwards37@gmail.com', '+1-442-270-7658', '2025-05-12 16:15:00'),
  (38, 'Diana', 'Foster', 'diana.foster38@hotmail.com', '+1-368-488-1035', '2025-02-03 13:45:00'),
  (39, 'Robin', 'Ellis', 'robin.ellis39@outlook.com', '+1-948-902-8973', '2024-06-07 12:30:00'),
  (40, 'Joseph', 'Wright', 'joseph.wright40@yahoo.com', '+1-793-853-9883', '2024-03-03 20:30:00'),
  (41, 'Anna', 'Baker', 'anna.baker41@gmail.com', NULL, '2025-05-03 17:15:00'),
  (42, 'Brenda', 'Hurst', 'brenda.hurst42@gmail.com', '+1-282-971-4044', '2024-03-11 18:00:00'),
  (43, 'Reginald', 'Robinson', 'reginald.robinson43@yahoo.com', '+1-783-352-1651', '2025-09-26 10:45:00'),
  (44, 'Whitney', 'Hicks', 'whitney.hicks44@icloud.com', '+1-523-367-4346', '2025-11-16 20:30:00'),
  (45, 'Christopher', 'Williams', 'christopher.williams45@yahoo.com', '+1-334-787-5915', '2025-04-13 14:00:00'),
  (46, 'Daniel', 'Burton', 'daniel.burton46@gmail.com', '+1-776-202-2200', '2025-07-04 12:30:00'),
  (47, 'Laura', 'Henderson', 'laura.henderson47@yahoo.com', '+1-270-350-7054', '2024-10-18 11:45:00'),
  (48, 'Bryan', 'James', 'bryan.james48@icloud.com', '+1-826-926-9666', '2024-01-09 19:30:00'),
  (49, 'Wendy', 'Rice', 'wendy.rice49@gmail.com', '+1-337-370-2891', '2024-04-19 20:15:00'),
  (50, 'Tasha', 'Valencia', 'tasha.valencia50@outlook.com', '+1-415-834-6617', '2024-07-27 19:30:00'),
  (51, 'Alexander', 'Le', 'alexander.le51@icloud.com', '+1-252-194-7939', '2024-10-10 09:00:00'),
  (52, 'Erin', 'Herrera', 'erin.herrera52@outlook.com', '+1-852-368-3647', '2025-03-28 17:45:00'),
  (53, 'Joseph', 'Davidson', 'joseph.davidson53@icloud.com', NULL, '2024-03-18 20:15:00'),
  (54, 'Daniel', 'Graham', 'daniel.graham54@icloud.com', NULL, '2025-01-13 18:15:00'),
  (55, 'Shawn', 'Mckay', 'shawn.mckay55@hotmail.com', NULL, '2024-11-11 14:00:00'),
  (56, 'Nancy', 'Baker', 'nancy.baker56@outlook.com', '+1-455-782-2684', '2024-12-28 21:45:00'),
  (57, 'Vincent', 'White', 'vincent.white57@icloud.com', '+1-442-985-3662', '2024-06-30 15:00:00'),
  (58, 'Rita', 'Harrell', 'rita.harrell58@yahoo.com', '+1-540-901-7745', '2025-11-16 20:15:00'),
  (59, 'Kenneth', 'Fowler', 'kenneth.fowler59@outlook.com', '+1-918-210-7267', '2024-02-09 16:15:00'),
  (60, 'Chelsea', 'Hernandez', 'chelsea.hernandez60@yahoo.com', '+1-671-458-6000', '2024-08-21 12:00:00'),
  (61, 'Kathryn', 'Ryan', 'kathryn.ryan61@yahoo.com', '+1-485-985-2137', '2024-10-12 14:45:00'),
  (62, 'Kimberly', 'Moreno', 'kimberly.moreno62@icloud.com', '+1-228-218-5279', '2024-07-01 18:30:00'),
  (63, 'Aaron', 'Nguyen', 'aaron.nguyen63@gmail.com', NULL, '2025-03-20 14:30:00'),
  (64, 'Andrew', 'Hickman', 'andrew.hickman64@hotmail.com', '+1-723-218-7311', '2025-08-13 12:30:00'),
  (65, 'Natasha', 'Decker', 'natasha.decker65@gmail.com', '+1-201-632-9821', '2025-12-04 20:15:00'),
  (66, 'Kyle', 'Brown', 'kyle.brown66@outlook.com', '+1-880-438-6143', '2025-11-10 10:30:00'),
  (67, 'Natalie', 'Arroyo', 'natalie.arroyo67@icloud.com', '+1-618-434-7592', '2025-12-14 13:15:00'),
  (68, 'Christopher', 'Tucker', 'christopher.tucker68@yahoo.com', '+1-588-793-3851', '2025-09-22 18:30:00'),
  (69, 'Chad', 'Hodges', 'chad.hodges69@hotmail.com', '+1-200-411-5700', '2024-08-03 15:30:00'),
  (70, 'Katie', 'Anderson', 'katie.anderson70@hotmail.com', '+1-891-318-9375', '2025-04-29 21:15:00'),
  (71, 'Thomas', 'Pierce', 'thomas.pierce71@gmail.com', '+1-879-748-6491', '2024-04-05 21:15:00'),
  (72, 'Joseph', 'Brennan', 'joseph.brennan72@outlook.com', '+1-403-250-1400', '2024-02-17 12:45:00'),
  (73, 'Rodney', 'Lewis', 'rodney.lewis73@icloud.com', '+1-274-566-7790', '2025-10-06 18:15:00'),
  (74, 'Amber', 'Blair', 'amber.blair74@hotmail.com', '+1-449-251-1090', '2024-04-19 21:45:00'),
  (75, 'James', 'Collins', 'james.collins75@yahoo.com', '+1-912-630-8611', '2024-02-21 17:15:00'),
  (76, 'Wanda', 'Santos', 'wanda.santos76@gmail.com', '+1-675-783-9702', '2025-07-26 18:30:00'),
  (77, 'Samuel', 'Holmes', 'samuel.holmes77@hotmail.com', '+1-936-616-7991', '2025-07-15 16:15:00'),
  (78, 'David', 'Walker', 'david.walker78@hotmail.com', '+1-969-353-5543', '2025-06-17 16:15:00'),
  (79, 'Matthew', 'Chapman', 'matthew.chapman79@outlook.com', '+1-930-392-4841', '2024-10-05 14:30:00'),
  (80, 'Jerry', 'Robinson', 'jerry.robinson80@icloud.com', NULL, '2024-06-03 12:45:00'),
  (81, 'Chad', 'Welch', 'chad.welch81@yahoo.com', '+1-265-524-7678', '2024-12-04 17:45:00'),
  (82, 'Jeremy', 'Whitehead', 'jeremy.whitehead82@hotmail.com', NULL, '2025-03-06 15:00:00'),
  (83, 'Michele', 'Jones', 'michele.jones83@icloud.com', '+1-206-460-5892', '2025-02-03 15:15:00'),
  (84, 'John', 'Caldwell', 'john.caldwell84@hotmail.com', '+1-646-597-1475', '2025-02-02 14:45:00'),
  (85, 'Jason', 'Anderson', 'jason.anderson85@yahoo.com', '+1-330-737-9751', '2024-01-28 15:00:00'),
  (86, 'Selena', 'Duncan', 'selena.duncan86@gmail.com', '+1-338-987-8564', '2024-07-05 09:30:00'),
  (87, 'Thomas', 'Mueller', 'thomas.mueller87@hotmail.com', '+1-665-434-6529', '2025-01-23 13:45:00'),
  (88, 'Lindsey', 'Lee', 'lindsey.lee88@outlook.com', '+1-681-119-9837', '2024-02-23 14:15:00'),
  (89, 'Collin', 'Jordan', 'collin.jordan89@gmail.com', '+1-867-141-1508', '2024-09-10 12:00:00'),
  (90, 'Rodney', 'Owens', 'rodney.owens90@icloud.com', '+1-329-584-2874', '2025-07-31 12:45:00'),
  (91, 'Jessica', 'Nunez', 'jessica.nunez91@outlook.com', '+1-371-720-2876', '2024-06-16 13:00:00'),
  (92, 'Tracey', 'Garcia', 'tracey.garcia92@icloud.com', NULL, '2024-11-15 18:45:00'),
  (93, 'Richard', 'Morgan', 'richard.morgan93@hotmail.com', '+1-403-177-4978', '2024-04-14 20:30:00'),
  (94, 'Michelle', 'Wright', 'michelle.wright94@icloud.com', '+1-779-901-1672', '2024-12-21 17:45:00'),
  (95, 'James', 'West', 'james.west95@outlook.com', NULL, '2025-10-25 14:00:00'),
  (96, 'Robert', 'Ramirez', 'robert.ramirez96@hotmail.com', '+1-308-543-6934', '2025-10-12 16:15:00'),
  (97, 'John', 'Leblanc', 'john.leblanc97@hotmail.com', '+1-734-766-5425', '2025-09-22 21:45:00'),
  (98, 'Scott', 'Callahan', 'scott.callahan98@hotmail.com', '+1-948-706-5397', '2024-11-26 12:00:00'),
  (99, 'Andrea', 'Williams', 'andrea.williams99@outlook.com', '+1-449-868-8613', '2025-08-06 18:45:00'),
  (100, 'Yvette', 'Huff', 'yvette.huff100@outlook.com', NULL, '2024-11-28 11:45:00');

INSERT INTO customers (customer_id, first_name, last_name, email, phone, created_at) VALUES
  (101, 'Tanya', 'House', 'tanya.house101@yahoo.com', '+1-464-448-5581', '2025-09-02 20:30:00'),
  (102, 'Melinda', 'Martin', 'melinda.martin102@icloud.com', NULL, '2024-07-14 10:15:00'),
  (103, 'Todd', 'Lewis', 'todd.lewis103@hotmail.com', '+1-976-346-8800', '2025-10-23 20:45:00'),
  (104, 'Richard', 'Brown', 'richard.brown104@hotmail.com', '+1-295-401-4630', '2025-02-18 20:15:00'),
  (105, 'Nicholas', 'Galloway', 'nicholas.galloway105@outlook.com', '+1-577-584-9698', '2024-12-18 15:30:00'),
  (106, 'Joseph', 'Bowers', 'joseph.bowers106@outlook.com', '+1-477-413-5118', '2024-08-24 10:15:00'),
  (107, 'Spencer', 'Henderson', 'spencer.henderson107@outlook.com', NULL, '2025-07-02 21:15:00'),
  (108, 'Susan', 'Cowan', 'susan.cowan108@yahoo.com', '+1-695-383-9595', '2025-09-03 13:00:00'),
  (109, 'Angela', 'Higgins', 'angela.higgins109@yahoo.com', '+1-569-283-5952', '2024-01-15 20:15:00'),
  (110, 'Eric', 'Phillips', 'eric.phillips110@outlook.com', NULL, '2024-02-25 17:30:00'),
  (111, 'Tanya', 'Riley', 'tanya.riley111@yahoo.com', '+1-970-602-2680', '2024-01-13 18:30:00'),
  (112, 'Amy', 'Adkins', 'amy.adkins112@hotmail.com', '+1-548-288-1841', '2024-09-15 16:00:00'),
  (113, 'Brian', 'Silva', 'brian.silva113@gmail.com', '+1-275-690-1878', '2024-06-04 11:30:00'),
  (114, 'Wesley', 'Farrell', 'wesley.farrell114@gmail.com', '+1-321-671-7818', '2025-09-12 18:15:00'),
  (115, 'Eric', 'Yu', 'eric.yu115@icloud.com', '+1-653-404-8025', '2024-11-08 18:00:00'),
  (116, 'Christopher', 'Lopez', 'christopher.lopez116@icloud.com', '+1-301-881-4404', '2025-10-02 12:30:00'),
  (117, 'Brooke', 'Leonard', 'brooke.leonard117@gmail.com', '+1-377-665-2229', '2024-06-09 09:45:00'),
  (118, 'Joe', 'Wilson', 'joe.wilson118@hotmail.com', '+1-681-398-1534', '2024-08-25 13:30:00'),
  (119, 'Pamela', 'Sanchez', 'pamela.sanchez119@hotmail.com', NULL, '2024-08-27 13:15:00'),
  (120, 'Brooke', 'Harvey', 'brooke.harvey120@hotmail.com', NULL, '2024-08-18 19:15:00'),
  (121, 'Robert', 'Silva', 'robert.silva121@outlook.com', '+1-273-161-3718', '2024-11-10 18:30:00'),
  (122, 'Alexandra', 'Donovan', 'alexandra.donovan122@hotmail.com', NULL, '2025-12-06 13:45:00'),
  (123, 'James', 'Moran', 'james.moran123@outlook.com', '+1-705-548-2317', '2025-09-04 09:45:00'),
  (124, 'John', 'Foster', 'john.foster124@outlook.com', '+1-226-193-4750', '2025-11-21 18:00:00'),
  (125, 'Emily', 'Evans', 'emily.evans125@outlook.com', '+1-981-874-3870', '2025-04-26 17:45:00'),
  (126, 'Leslie', 'Walton', 'leslie.walton126@outlook.com', '+1-799-546-9056', '2024-04-03 16:30:00'),
  (127, 'Charles', 'Ellis', 'charles.ellis127@hotmail.com', '+1-886-207-3634', '2024-12-03 15:45:00'),
  (128, 'Yolanda', 'Ferrell', 'yolanda.ferrell128@outlook.com', '+1-610-933-1601', '2025-04-10 10:30:00'),
  (129, 'Charles', 'Lewis', 'charles.lewis129@outlook.com', '+1-991-513-9431', '2024-01-02 19:45:00'),
  (130, 'Joseph', 'Mahoney', 'joseph.mahoney130@hotmail.com', NULL, '2025-06-14 14:45:00'),
  (131, 'Nicole', 'Suarez', 'nicole.suarez131@hotmail.com', '+1-408-373-9998', '2024-05-14 13:45:00'),
  (132, 'Mike', 'Moore', 'mike.moore132@hotmail.com', NULL, '2025-10-07 18:15:00'),
  (133, 'Martha', 'Warner', 'martha.warner133@yahoo.com', '+1-214-665-7684', '2024-04-05 12:00:00'),
  (134, 'Cheryl', 'Archer', 'cheryl.archer134@hotmail.com', '+1-863-952-3522', '2025-05-25 20:30:00'),
  (135, 'Destiny', 'Smith', 'destiny.smith135@icloud.com', '+1-625-954-8905', '2025-04-28 12:45:00'),
  (136, 'Lisa', 'Evans', 'lisa.evans136@icloud.com', NULL, '2024-07-14 18:15:00'),
  (137, 'Elizabeth', 'Mcmillan', 'elizabeth.mcmillan137@gmail.com', '+1-624-448-9318', '2024-09-30 09:30:00'),
  (138, 'Dennis', 'Wilson', 'dennis.wilson138@outlook.com', '+1-793-775-9022', '2024-06-01 16:45:00'),
  (139, 'Daniel', 'Tran', 'daniel.tran139@outlook.com', '+1-981-656-7180', '2025-04-11 14:15:00'),
  (140, 'Joseph', 'Jacobs', 'joseph.jacobs140@yahoo.com', '+1-439-976-7730', '2024-02-14 14:45:00'),
  (141, 'Jennifer', 'Harris', 'jennifer.harris141@hotmail.com', '+1-879-911-3492', '2025-05-22 09:15:00'),
  (142, 'Cynthia', 'Baker', 'cynthia.baker142@icloud.com', '+1-539-990-2644', '2025-03-26 10:45:00'),
  (143, 'Tracy', 'Whitehead', 'tracy.whitehead143@gmail.com', '+1-619-991-3529', '2024-03-17 16:30:00'),
  (144, 'Meghan', 'Davis', 'meghan.davis144@outlook.com', '+1-607-765-2315', '2024-12-02 19:45:00'),
  (145, 'Rodney', 'Hill', 'rodney.hill145@outlook.com', '+1-977-599-9864', '2024-02-06 18:00:00'),
  (146, 'Adam', 'Wise', 'adam.wise146@yahoo.com', '+1-494-332-2480', '2025-03-20 10:00:00'),
  (147, 'Dana', 'Green', 'dana.green147@hotmail.com', '+1-506-129-1753', '2024-11-28 21:00:00'),
  (148, 'Joyce', 'Arnold', 'joyce.arnold148@outlook.com', '+1-641-249-5000', '2025-06-27 15:15:00'),
  (149, 'Ronald', 'Smith', 'ronald.smith149@yahoo.com', '+1-824-991-7267', '2025-09-26 19:15:00'),
  (150, 'Charles', 'Ware', 'charles.ware150@hotmail.com', '+1-346-337-8555', '2025-10-15 13:45:00'),
  (151, 'Rebecca', 'Gardner', 'rebecca.gardner151@outlook.com', '+1-676-394-9955', '2024-06-10 10:45:00'),
  (152, 'Mary', 'Aguilar', 'mary.aguilar152@outlook.com', '+1-506-754-7951', '2025-12-07 13:45:00'),
  (153, 'Earl', 'Anderson', 'earl.anderson153@outlook.com', '+1-593-973-8916', '2024-04-19 12:45:00'),
  (154, 'Kyle', 'Nolan', 'kyle.nolan154@icloud.com', '+1-502-816-5837', '2024-01-23 19:45:00'),
  (155, 'Laura', 'Valencia', 'laura.valencia155@outlook.com', NULL, '2025-12-03 21:00:00'),
  (156, 'Rachel', 'Clark', 'rachel.clark156@icloud.com', '+1-493-894-4770', '2025-09-13 21:30:00'),
  (157, 'John', 'Garcia', 'john.garcia157@yahoo.com', '+1-835-356-3240', '2025-10-05 10:00:00'),
  (158, 'Kimberly', 'Henson', 'kimberly.henson158@outlook.com', '+1-234-693-6977', '2024-05-14 10:30:00'),
  (159, 'Richard', 'Oliver', 'richard.oliver159@outlook.com', '+1-379-305-3165', '2025-07-06 14:30:00'),
  (160, 'Eric', 'Spears', 'eric.spears160@yahoo.com', '+1-693-925-5835', '2024-12-12 21:00:00'),
  (161, 'Michelle', 'Cherry', 'michelle.cherry161@hotmail.com', '+1-344-872-4696', '2025-11-23 20:45:00'),
  (162, 'Lisa', 'Keith', 'lisa.keith162@icloud.com', '+1-604-114-5332', '2025-07-03 10:45:00'),
  (163, 'Angel', 'Doyle', 'angel.doyle163@outlook.com', '+1-888-368-7242', '2025-10-15 14:00:00'),
  (164, 'Martin', 'Galvan', 'martin.galvan164@yahoo.com', '+1-834-674-6374', '2025-09-16 12:00:00'),
  (165, 'Leah', 'Shields', 'leah.shields165@hotmail.com', '+1-509-764-7689', '2024-04-29 11:00:00'),
  (166, 'Lisa', 'Adams', 'lisa.adams166@gmail.com', '+1-704-218-2592', '2024-08-28 17:15:00'),
  (167, 'Kristin', 'Rodriguez', 'kristin.rodriguez167@hotmail.com', '+1-886-860-9850', '2025-03-05 18:15:00'),
  (168, 'Monica', 'Garrison', 'monica.garrison168@hotmail.com', '+1-701-730-7686', '2024-10-13 09:30:00'),
  (169, 'Jeffrey', 'Velasquez', 'jeffrey.velasquez169@yahoo.com', '+1-441-975-6942', '2024-04-11 19:30:00'),
  (170, 'Steven', 'Torres', 'steven.torres170@icloud.com', '+1-860-467-1992', '2025-02-11 13:15:00'),
  (171, 'Laura', 'Perez', 'laura.perez171@gmail.com', '+1-665-193-4475', '2025-10-19 19:00:00'),
  (172, 'Andrew', 'Lee', 'andrew.lee172@gmail.com', '+1-449-228-4362', '2024-03-11 21:15:00'),
  (173, 'Mark', 'Lin', 'mark.lin173@icloud.com', '+1-438-436-3417', '2025-09-02 09:30:00'),
  (174, 'Tammy', 'Ramirez', 'tammy.ramirez174@yahoo.com', '+1-753-356-3858', '2024-04-22 19:00:00'),
  (175, 'Darlene', 'Ross', 'darlene.ross175@yahoo.com', NULL, '2024-08-31 18:30:00'),
  (176, 'Tina', 'Herrera', 'tina.herrera176@gmail.com', '+1-253-229-7897', '2025-06-22 10:00:00'),
  (177, 'Sheila', 'Wilson', 'sheila.wilson177@hotmail.com', '+1-570-625-2786', '2025-04-07 17:15:00'),
  (178, 'Tara', 'White', 'tara.white178@icloud.com', NULL, '2025-11-05 17:30:00'),
  (179, 'Sydney', 'Baker', 'sydney.baker179@hotmail.com', '+1-231-162-8847', '2025-02-15 15:00:00'),
  (180, 'Daniel', 'Hamilton', 'daniel.hamilton180@hotmail.com', '+1-654-175-2323', '2024-11-25 18:15:00'),
  (181, 'Jessica', 'Edwards', 'jessica.edwards181@gmail.com', NULL, '2025-10-01 19:30:00'),
  (182, 'Catherine', 'Dixon', 'catherine.dixon182@hotmail.com', '+1-743-401-8433', '2025-06-01 18:45:00'),
  (183, 'Paul', 'Ray', 'paul.ray183@gmail.com', '+1-317-973-4522', '2025-03-16 16:15:00'),
  (184, 'Jonathan', 'Fletcher', 'jonathan.fletcher184@hotmail.com', '+1-664-508-7815', '2024-04-07 14:45:00'),
  (185, 'Aaron', 'Frost', 'aaron.frost185@outlook.com', '+1-583-256-8770', '2024-03-09 10:00:00'),
  (186, 'Amanda', 'Ball', 'amanda.ball186@gmail.com', '+1-962-856-7105', '2024-05-13 17:00:00'),
  (187, 'Judy', 'Lambert', 'judy.lambert187@icloud.com', '+1-775-437-3002', '2025-02-24 14:45:00'),
  (188, 'Michael', 'Jones', 'michael.jones188@gmail.com', '+1-814-419-6761', '2024-04-16 18:15:00'),
  (189, 'Elizabeth', 'Rivera', 'elizabeth.rivera189@yahoo.com', '+1-429-967-2773', '2024-12-24 17:30:00'),
  (190, 'Lee', 'Charles', 'lee.charles190@gmail.com', '+1-787-331-8030', '2025-07-28 21:00:00'),
  (191, 'Jennifer', 'Evans', 'jennifer.evans191@icloud.com', '+1-910-373-1474', '2024-07-03 13:30:00'),
  (192, 'Kyle', 'Ortiz', 'kyle.ortiz192@outlook.com', '+1-385-990-3347', '2025-08-02 19:45:00'),
  (193, 'Richard', 'Phillips', 'richard.phillips193@gmail.com', NULL, '2025-10-10 09:00:00'),
  (194, 'David', 'Fisher', 'david.fisher194@icloud.com', '+1-629-564-6585', '2024-06-10 14:30:00'),
  (195, 'Shelby', 'Byrd', 'shelby.byrd195@outlook.com', '+1-781-710-2391', '2024-02-23 11:15:00'),
  (196, 'Raven', 'Gilbert', 'raven.gilbert196@icloud.com', NULL, '2024-03-24 13:45:00'),
  (197, 'Kevin', 'Kelley', 'kevin.kelley197@hotmail.com', '+1-652-524-5475', '2024-08-08 21:00:00'),
  (198, 'Aaron', 'Mitchell', 'aaron.mitchell198@outlook.com', '+1-490-794-8972', '2025-06-23 19:30:00'),
  (199, 'Russell', 'Carpenter', 'russell.carpenter199@gmail.com', '+1-813-156-1125', '2024-07-28 13:15:00'),
  (200, 'Diana', 'Marshall', 'diana.marshall200@yahoo.com', '+1-496-435-2965', '2024-01-08 16:45:00');

INSERT INTO customers (customer_id, first_name, last_name, email, phone, created_at) VALUES
  (201, 'Scott', 'Lewis', 'scott.lewis201@yahoo.com', NULL, '2025-06-29 20:15:00'),
  (202, 'Thomas', 'Santana', 'thomas.santana202@icloud.com', '+1-884-925-6802', '2024-03-14 15:00:00'),
  (203, 'Laura', 'Jackson', 'laura.jackson203@hotmail.com', NULL, '2024-03-20 14:45:00'),
  (204, 'Christopher', 'Robertson', 'christopher.robertson204@icloud.com', '+1-855-527-5743', '2024-04-27 15:00:00'),
  (205, 'Cynthia', 'Rogers', 'cynthia.rogers205@outlook.com', '+1-832-571-6928', '2024-03-31 15:00:00'),
  (206, 'Loretta', 'Potter', 'loretta.potter206@yahoo.com', '+1-610-636-2288', '2025-02-09 13:30:00'),
  (207, 'Emily', 'Walker', 'emily.walker207@yahoo.com', '+1-372-178-9363', '2025-10-10 10:15:00'),
  (208, 'James', 'Johnson', 'james.johnson208@outlook.com', '+1-860-934-3419', '2024-08-29 10:15:00'),
  (209, 'John', 'Alvarez', 'john.alvarez209@outlook.com', '+1-816-256-2234', '2024-06-30 21:45:00'),
  (210, 'Melissa', 'Jones', 'melissa.jones210@hotmail.com', '+1-978-693-8354', '2025-11-28 18:30:00'),
  (211, 'Robert', 'Soto', 'robert.soto211@outlook.com', '+1-269-580-8245', '2025-10-08 13:30:00'),
  (212, 'James', 'Horton', 'james.horton212@icloud.com', NULL, '2025-06-03 10:30:00'),
  (213, 'Troy', 'Sanchez', 'troy.sanchez213@hotmail.com', '+1-258-477-5703', '2024-03-19 19:00:00'),
  (214, 'Diana', 'Smith', 'diana.smith214@icloud.com', '+1-593-573-1672', '2025-04-05 21:15:00'),
  (215, 'Karen', 'Carrillo', 'karen.carrillo215@outlook.com', '+1-713-254-2013', '2025-04-06 10:30:00'),
  (216, 'Daniel', 'Coleman', 'daniel.coleman216@gmail.com', '+1-376-140-5059', '2025-12-25 16:45:00'),
  (217, 'Gregory', 'Rubio', 'gregory.rubio217@icloud.com', '+1-362-472-7108', '2024-10-16 15:45:00'),
  (218, 'April', 'Williams', 'april.williams218@outlook.com', '+1-253-908-6482', '2024-03-08 14:00:00'),
  (219, 'John', 'Charles', 'john.charles219@icloud.com', '+1-490-358-3463', '2024-12-07 10:15:00'),
  (220, 'Stephen', 'Solis', 'stephen.solis220@outlook.com', '+1-871-815-7421', '2024-05-12 18:00:00'),
  (221, 'Elizabeth', 'Travis', 'elizabeth.travis221@outlook.com', '+1-858-910-6381', '2024-05-10 19:00:00'),
  (222, 'Caitlin', 'Dodson', 'caitlin.dodson222@hotmail.com', '+1-218-471-6060', '2024-07-03 12:30:00'),
  (223, 'Patricia', 'Salazar', 'patricia.salazar223@hotmail.com', '+1-340-258-2264', '2024-10-29 21:00:00'),
  (224, 'Jennifer', 'Wagner', 'jennifer.wagner224@icloud.com', '+1-956-639-1618', '2025-11-08 14:15:00'),
  (225, 'Maria', 'Kelley', 'maria.kelley225@icloud.com', '+1-366-285-3712', '2025-03-24 09:45:00'),
  (226, 'Phyllis', 'Manning', 'phyllis.manning226@outlook.com', '+1-443-554-5668', '2025-04-04 12:15:00'),
  (227, 'Thomas', 'Green', 'thomas.green227@outlook.com', '+1-680-955-4178', '2025-01-11 19:45:00'),
  (228, 'John', 'Walsh', 'john.walsh228@hotmail.com', '+1-996-491-9239', '2025-06-24 15:15:00'),
  (229, 'Katie', 'Boyd', 'katie.boyd229@yahoo.com', '+1-341-993-5096', '2024-02-23 19:45:00'),
  (230, 'Courtney', 'Hill', 'courtney.hill230@outlook.com', '+1-305-828-9452', '2024-05-07 13:00:00'),
  (231, 'Chris', 'Mitchell', 'chris.mitchell231@yahoo.com', '+1-725-250-8167', '2024-04-03 12:45:00'),
  (232, 'Joseph', 'Flores', 'joseph.flores232@outlook.com', '+1-624-154-7495', '2025-05-29 14:15:00'),
  (233, 'Amber', 'Taylor', 'amber.taylor233@hotmail.com', '+1-583-329-1461', '2024-11-22 10:30:00'),
  (234, 'Jesse', 'Benson', 'jesse.benson234@yahoo.com', NULL, '2024-10-20 16:15:00'),
  (235, 'Jasmine', 'Brown', 'jasmine.brown235@hotmail.com', '+1-205-181-1311', '2024-09-19 12:15:00'),
  (236, 'Rick', 'Daniels', 'rick.daniels236@icloud.com', '+1-823-640-7934', '2024-04-23 21:30:00'),
  (237, 'Robert', 'Clark', 'robert.clark237@yahoo.com', '+1-248-344-7878', '2025-10-16 21:45:00'),
  (238, 'Robert', 'Stein', 'robert.stein238@gmail.com', NULL, '2025-05-26 18:00:00'),
  (239, 'Brandy', 'Dominguez', 'brandy.dominguez239@icloud.com', '+1-935-247-5772', '2025-03-15 09:30:00'),
  (240, 'Melissa', 'Cannon', 'melissa.cannon240@yahoo.com', '+1-391-780-2402', '2025-06-20 14:00:00'),
  (241, 'Omar', 'Smith', 'omar.smith241@icloud.com', '+1-719-667-1333', '2025-02-03 16:00:00'),
  (242, 'Michael', 'Molina', 'michael.molina242@hotmail.com', '+1-459-865-1266', '2024-12-31 21:00:00'),
  (243, 'Melissa', 'Ashley', 'melissa.ashley243@outlook.com', '+1-872-743-2698', '2025-08-18 20:30:00'),
  (244, 'Robert', 'Adkins', 'robert.adkins244@yahoo.com', NULL, '2025-07-13 14:15:00'),
  (245, 'Amy', 'Morrison', 'amy.morrison245@hotmail.com', '+1-690-746-3986', '2024-05-18 10:45:00'),
  (246, 'Jeffrey', 'Robinson', 'jeffrey.robinson246@gmail.com', '+1-244-910-4268', '2024-02-12 14:30:00'),
  (247, 'Ryan', 'Johnson', 'ryan.johnson247@icloud.com', '+1-756-584-5150', '2024-02-07 21:15:00'),
  (248, 'Matthew', 'Shelton', 'matthew.shelton248@outlook.com', '+1-999-148-6438', '2024-10-06 10:30:00'),
  (249, 'Richard', 'Martin', 'richard.martin249@hotmail.com', '+1-961-550-7334', '2024-12-13 11:45:00'),
  (250, 'Tanner', 'Anderson', 'tanner.anderson250@hotmail.com', '+1-731-373-2353', '2025-03-10 10:45:00'),
  (251, 'Cindy', 'Johnson', 'cindy.johnson251@icloud.com', '+1-384-658-5813', '2024-11-24 10:00:00'),
  (252, 'Phillip', 'Elliott', 'phillip.elliott252@outlook.com', '+1-513-556-7981', '2024-06-19 20:45:00'),
  (253, 'Anthony', 'Day', 'anthony.day253@outlook.com', '+1-944-990-6776', '2025-09-21 15:30:00'),
  (254, 'Derek', 'Murray', 'derek.murray254@gmail.com', NULL, '2025-10-14 15:30:00'),
  (255, 'Brent', 'Gray', 'brent.gray255@icloud.com', '+1-895-263-1510', '2024-05-26 18:45:00'),
  (256, 'Jason', 'Murphy', 'jason.murphy256@gmail.com', NULL, '2024-08-29 21:30:00'),
  (257, 'Kathleen', 'Gray', 'kathleen.gray257@outlook.com', '+1-780-133-3513', '2025-11-26 16:30:00'),
  (258, 'Karen', 'Decker', 'karen.decker258@outlook.com', '+1-278-687-3255', '2025-06-26 14:45:00'),
  (259, 'Johnny', 'Miller', 'johnny.miller259@outlook.com', '+1-455-216-1424', '2024-07-09 16:45:00'),
  (260, 'Andrew', 'Ryan', 'andrew.ryan260@icloud.com', NULL, '2024-09-23 20:45:00'),
  (261, 'Zoe', 'Bell', 'zoe.bell261@yahoo.com', '+1-492-810-9047', '2024-07-23 10:15:00'),
  (262, 'Debra', 'Harrington', 'debra.harrington262@gmail.com', '+1-930-555-2438', '2025-11-29 14:30:00'),
  (263, 'Denise', 'Webster', 'denise.webster263@gmail.com', '+1-497-407-3580', '2025-12-29 20:15:00'),
  (264, 'Stefanie', 'Gonzalez', 'stefanie.gonzalez264@outlook.com', '+1-324-305-3275', '2024-08-30 21:45:00'),
  (265, 'Andrew', 'Hernandez', 'andrew.hernandez265@gmail.com', '+1-786-477-8657', '2025-07-18 11:00:00'),
  (266, 'David', 'Caldwell', 'david.caldwell266@gmail.com', '+1-934-836-8842', '2025-06-22 15:45:00'),
  (267, 'Anne', 'Robinson', 'anne.robinson267@icloud.com', NULL, '2024-11-20 19:00:00'),
  (268, 'Holly', 'Wang', 'holly.wang268@hotmail.com', '+1-729-452-3102', '2025-07-18 19:15:00'),
  (269, 'Gary', 'Lawson', 'gary.lawson269@yahoo.com', '+1-256-951-3034', '2025-06-14 11:30:00'),
  (270, 'Julie', 'Wilson', 'julie.wilson270@yahoo.com', '+1-926-330-6669', '2025-06-15 13:00:00'),
  (271, 'Lori', 'Oconnell', 'lori.oconnell271@outlook.com', '+1-764-381-3050', '2025-10-02 13:00:00'),
  (272, 'Daniel', 'Johnson', 'daniel.johnson272@icloud.com', '+1-806-694-3526', '2024-06-24 19:30:00'),
  (273, 'Larry', 'Byrd', 'larry.byrd273@icloud.com', NULL, '2024-01-30 10:00:00'),
  (274, 'Susan', 'Sanders', 'susan.sanders274@icloud.com', '+1-415-885-7825', '2025-09-24 19:00:00'),
  (275, 'Jennifer', 'Jones', 'jennifer.jones275@hotmail.com', '+1-758-396-5949', '2025-05-09 12:45:00'),
  (276, 'Hannah', 'Burton', 'hannah.burton276@outlook.com', '+1-905-161-3589', '2025-03-26 15:45:00'),
  (277, 'Curtis', 'Barton', 'curtis.barton277@hotmail.com', '+1-821-247-6121', '2024-11-22 20:30:00'),
  (278, 'Melissa', 'Burke', 'melissa.burke278@hotmail.com', NULL, '2025-01-14 17:00:00'),
  (279, 'David', 'Riggs', 'david.riggs279@outlook.com', '+1-325-373-8366', '2024-09-10 11:00:00'),
  (280, 'Kimberly', 'Reed', 'kimberly.reed280@gmail.com', '+1-593-984-7850', '2024-09-11 11:30:00'),
  (281, 'Ross', 'Wood', 'ross.wood281@icloud.com', '+1-394-881-3610', '2025-05-25 17:45:00'),
  (282, 'William', 'Peterson', 'william.peterson282@hotmail.com', '+1-709-123-2475', '2025-02-06 17:45:00'),
  (283, 'Melissa', 'Short', 'melissa.short283@yahoo.com', '+1-561-149-1828', '2024-10-15 16:45:00'),
  (284, 'Daniel', 'Yu', 'daniel.yu284@outlook.com', '+1-310-541-3194', '2024-09-27 20:30:00'),
  (285, 'Cynthia', 'Poole', 'cynthia.poole285@hotmail.com', '+1-610-152-4189', '2025-01-06 17:30:00'),
  (286, 'Jasmine', 'Graham', 'jasmine.graham286@gmail.com', '+1-661-882-5582', '2025-09-30 19:00:00'),
  (287, 'Jessica', 'Sheppard', 'jessica.sheppard287@yahoo.com', '+1-603-482-6555', '2025-07-25 14:15:00'),
  (288, 'Joseph', 'Morton', 'joseph.morton288@yahoo.com', '+1-611-612-1659', '2024-02-16 09:15:00'),
  (289, 'Amanda', 'Webb', 'amanda.webb289@outlook.com', '+1-731-567-3440', '2025-09-12 17:15:00'),
  (290, 'Ryan', 'Simon', 'ryan.simon290@outlook.com', '+1-526-266-7438', '2025-09-23 20:30:00'),
  (291, 'Joseph', 'Christian', 'joseph.christian291@icloud.com', '+1-721-645-9025', '2025-12-26 18:30:00'),
  (292, 'Mariah', 'Miller', 'mariah.miller292@hotmail.com', '+1-577-439-2795', '2025-03-02 18:30:00'),
  (293, 'Nicole', 'Sanchez', 'nicole.sanchez293@gmail.com', '+1-471-771-4728', '2024-02-22 18:45:00'),
  (294, 'Steven', 'Bishop', 'steven.bishop294@yahoo.com', '+1-938-734-7229', '2024-05-31 19:15:00'),
  (295, 'Nicholas', 'Johnson', 'nicholas.johnson295@gmail.com', '+1-917-212-4125', '2024-01-20 16:30:00'),
  (296, 'Melissa', 'White', 'melissa.white296@hotmail.com', '+1-907-308-7723', '2025-05-28 21:45:00'),
  (297, 'Jason', 'Salinas', 'jason.salinas297@gmail.com', '+1-731-312-6325', '2025-11-09 16:45:00'),
  (298, 'Matthew', 'Beard', 'matthew.beard298@outlook.com', '+1-670-645-6608', '2025-07-13 14:30:00'),
  (299, 'Jacqueline', 'Hill', 'jacqueline.hill299@icloud.com', '+1-452-385-5890', '2024-08-18 13:30:00'),
  (300, 'Alejandro', 'Vaughan', 'alejandro.vaughan300@yahoo.com', '+1-700-424-8861', '2024-12-23 17:30:00');

INSERT INTO customers (customer_id, first_name, last_name, email, phone, created_at) VALUES
  (301, 'Christopher', 'Cortez', 'christopher.cortez301@outlook.com', NULL, '2025-11-23 17:45:00'),
  (302, 'Tracy', 'Chang', 'tracy.chang302@hotmail.com', '+1-991-923-3399', '2024-10-24 09:30:00'),
  (303, 'Hannah', 'Brewer', 'hannah.brewer303@gmail.com', '+1-652-771-5201', '2025-05-05 12:15:00'),
  (304, 'Travis', 'Mcguire', 'travis.mcguire304@icloud.com', '+1-775-812-5450', '2024-05-20 10:15:00'),
  (305, 'Christopher', 'Walker', 'christopher.walker305@yahoo.com', NULL, '2025-06-27 12:15:00'),
  (306, 'Heather', 'Torres', 'heather.torres306@gmail.com', NULL, '2024-12-04 20:45:00'),
  (307, 'Bonnie', 'Kennedy', 'bonnie.kennedy307@gmail.com', '+1-340-105-3587', '2025-02-20 19:45:00'),
  (308, 'Alyssa', 'Coleman', 'alyssa.coleman308@hotmail.com', '+1-974-394-6262', '2024-10-19 19:00:00'),
  (309, 'Julie', 'Rivera', 'julie.rivera309@gmail.com', '+1-437-647-1611', '2024-06-28 15:15:00'),
  (310, 'Jacqueline', 'Nelson', 'jacqueline.nelson310@gmail.com', '+1-606-906-9116', '2024-07-09 20:30:00'),
  (311, 'John', 'Martinez', 'john.martinez311@gmail.com', NULL, '2025-08-04 18:00:00'),
  (312, 'James', 'Wilson', 'james.wilson312@outlook.com', '+1-856-656-9590', '2025-05-20 11:45:00'),
  (313, 'Amanda', 'Gill', 'amanda.gill313@outlook.com', '+1-315-438-3662', '2025-04-14 19:30:00'),
  (314, 'Jacob', 'Robinson', 'jacob.robinson314@yahoo.com', NULL, '2024-12-11 21:30:00'),
  (315, 'Todd', 'Hardy', 'todd.hardy315@icloud.com', '+1-397-279-7643', '2025-03-13 17:30:00'),
  (316, 'Tiffany', 'Warren', 'tiffany.warren316@gmail.com', '+1-297-289-3303', '2025-05-03 14:15:00'),
  (317, 'Justin', 'Garcia', 'justin.garcia317@gmail.com', '+1-441-557-5374', '2024-12-03 13:00:00'),
  (318, 'James', 'Perez', 'james.perez318@outlook.com', '+1-909-341-2017', '2025-11-14 10:45:00'),
  (319, 'Harry', 'Smith', 'harry.smith319@outlook.com', '+1-902-614-6095', '2025-12-07 10:30:00'),
  (320, 'Amanda', 'Hill', 'amanda.hill320@outlook.com', '+1-424-236-8834', '2024-06-05 16:30:00'),
  (321, 'Terri', 'Tran', 'terri.tran321@hotmail.com', '+1-682-875-9806', '2025-11-11 12:15:00'),
  (322, 'Heidi', 'Martinez', 'heidi.martinez322@icloud.com', '+1-283-638-8319', '2025-06-24 20:30:00'),
  (323, 'Miranda', 'Henry', 'miranda.henry323@gmail.com', '+1-314-163-9972', '2025-06-01 12:15:00'),
  (324, 'Monique', 'Andrews', 'monique.andrews324@yahoo.com', '+1-732-552-2904', '2025-11-27 12:45:00'),
  (325, 'Taylor', 'Alexander', 'taylor.alexander325@gmail.com', '+1-656-928-1911', '2025-04-09 11:45:00'),
  (326, 'Jack', 'Williams', 'jack.williams326@hotmail.com', '+1-772-573-6049', '2024-01-23 15:30:00'),
  (327, 'Shelley', 'Woods', 'shelley.woods327@gmail.com', '+1-792-174-1742', '2025-03-09 14:00:00'),
  (328, 'Lynn', 'Morales', 'lynn.morales328@icloud.com', '+1-270-583-1519', '2024-10-20 15:15:00'),
  (329, 'Charles', 'Soto', 'charles.soto329@yahoo.com', '+1-946-761-7887', '2025-01-18 15:45:00'),
  (330, 'Brian', 'Hernandez', 'brian.hernandez330@hotmail.com', '+1-899-777-9835', '2024-05-16 19:30:00'),
  (331, 'Anna', 'Torres', 'anna.torres331@gmail.com', '+1-750-502-9664', '2024-05-10 20:15:00'),
  (332, 'Victoria', 'Wilson', 'victoria.wilson332@gmail.com', '+1-505-574-9920', '2025-03-10 17:45:00'),
  (333, 'Kathy', 'Obrien', 'kathy.obrien333@yahoo.com', '+1-554-258-5516', '2024-07-12 20:00:00'),
  (334, 'Krystal', 'Perez', 'krystal.perez334@gmail.com', '+1-629-729-1256', '2024-09-03 12:00:00'),
  (335, 'Alexandra', 'Hayes', 'alexandra.hayes335@gmail.com', '+1-657-712-1797', '2024-09-07 20:00:00'),
  (336, 'Scott', 'Dalton', 'scott.dalton336@hotmail.com', '+1-752-322-1924', '2024-05-23 17:30:00'),
  (337, 'Veronica', 'Torres', 'veronica.torres337@yahoo.com', '+1-949-689-6224', '2025-08-14 18:30:00'),
  (338, 'Christine', 'Lynch', 'christine.lynch338@yahoo.com', '+1-346-776-9540', '2024-08-14 15:30:00'),
  (339, 'Jody', 'Meza', 'jody.meza339@outlook.com', NULL, '2025-08-28 20:15:00'),
  (340, 'Jared', 'Clark', 'jared.clark340@hotmail.com', '+1-248-452-7244', '2025-06-21 14:45:00'),
  (341, 'Donna', 'Moore', 'donna.moore341@hotmail.com', NULL, '2025-01-20 11:45:00'),
  (342, 'Glenn', 'Jones', 'glenn.jones342@yahoo.com', '+1-507-978-3365', '2025-04-19 09:45:00'),
  (343, 'Aaron', 'Hayes', 'aaron.hayes343@hotmail.com', '+1-337-497-4978', '2024-09-18 12:30:00'),
  (344, 'Brittney', 'Carter', 'brittney.carter344@gmail.com', '+1-579-194-9775', '2024-07-14 09:30:00'),
  (345, 'Jesse', 'Mann', 'jesse.mann345@hotmail.com', '+1-817-140-2192', '2024-07-11 21:15:00'),
  (346, 'Jacqueline', 'Gibson', 'jacqueline.gibson346@hotmail.com', '+1-540-410-1251', '2024-08-04 12:00:00'),
  (347, 'Grace', 'Bradshaw', 'grace.bradshaw347@hotmail.com', '+1-912-718-4350', '2025-02-10 12:30:00'),
  (348, 'Kristin', 'Weber', 'kristin.weber348@outlook.com', '+1-746-764-6886', '2024-11-11 13:30:00'),
  (349, 'Donna', 'Peck', 'donna.peck349@icloud.com', '+1-677-200-8692', '2024-11-23 12:30:00'),
  (350, 'Ronald', 'Stephens', 'ronald.stephens350@outlook.com', '+1-776-984-4625', '2024-05-29 09:30:00'),
  (351, 'Deborah', 'Kerr', 'deborah.kerr351@icloud.com', '+1-793-837-7841', '2024-10-29 11:15:00'),
  (352, 'Margaret', 'Jones', 'margaret.jones352@outlook.com', '+1-783-953-5026', '2025-05-26 17:30:00'),
  (353, 'Gabriel', 'Parker', 'gabriel.parker353@outlook.com', '+1-700-840-9037', '2025-04-16 11:30:00'),
  (354, 'Kaitlyn', 'Carroll', 'kaitlyn.carroll354@yahoo.com', NULL, '2025-07-13 16:15:00'),
  (355, 'Keith', 'Martinez', 'keith.martinez355@icloud.com', '+1-260-636-1554', '2024-03-17 19:00:00'),
  (356, 'Haley', 'Lyons', 'haley.lyons356@gmail.com', '+1-845-336-2113', '2025-12-25 11:00:00'),
  (357, 'Sherri', 'Mason', 'sherri.mason357@yahoo.com', '+1-582-161-8916', '2025-11-06 16:00:00'),
  (358, 'Troy', 'Miller', 'troy.miller358@gmail.com', '+1-621-112-1274', '2025-06-26 20:30:00'),
  (359, 'Bill', 'Reynolds', 'bill.reynolds359@icloud.com', '+1-217-614-8054', '2024-07-02 10:00:00'),
  (360, 'Marcus', 'Wright', 'marcus.wright360@icloud.com', NULL, '2024-07-15 18:30:00'),
  (361, 'Christopher', 'Hayden', 'christopher.hayden361@outlook.com', '+1-606-180-7112', '2025-02-19 16:15:00'),
  (362, 'Mary', 'Johnston', 'mary.johnston362@yahoo.com', '+1-282-769-1519', '2024-04-05 15:45:00'),
  (363, 'Stephanie', 'Key', 'stephanie.key363@hotmail.com', '+1-257-752-1154', '2025-12-20 11:00:00'),
  (364, 'Emily', 'Adams', 'emily.adams364@hotmail.com', '+1-860-903-6427', '2025-08-02 10:00:00'),
  (365, 'Billy', 'Avila', 'billy.avila365@yahoo.com', '+1-908-680-8790', '2024-10-04 09:00:00'),
  (366, 'Thomas', 'Pearson', 'thomas.pearson366@outlook.com', '+1-777-773-1539', '2024-07-02 14:00:00'),
  (367, 'Sabrina', 'White', 'sabrina.white367@yahoo.com', '+1-970-940-7525', '2024-03-19 13:15:00'),
  (368, 'Brenda', 'Walters', 'brenda.walters368@icloud.com', '+1-598-793-9856', '2024-12-05 15:15:00'),
  (369, 'Travis', 'Davis', 'travis.davis369@gmail.com', '+1-554-154-2600', '2025-03-23 12:00:00'),
  (370, 'Michael', 'Cook', 'michael.cook370@outlook.com', '+1-828-709-7499', '2024-11-30 09:30:00'),
  (371, 'Elizabeth', 'Hodge', 'elizabeth.hodge371@hotmail.com', '+1-564-666-7150', '2025-03-18 11:45:00'),
  (372, 'Mark', 'Steele', 'mark.steele372@gmail.com', '+1-502-917-5037', '2025-12-31 10:00:00'),
  (373, 'Keith', 'Landry', 'keith.landry373@outlook.com', '+1-928-902-3527', '2025-02-02 14:30:00'),
  (374, 'Lisa', 'Pierce', 'lisa.pierce374@gmail.com', NULL, '2024-11-11 16:30:00'),
  (375, 'Shawn', 'Edwards', 'shawn.edwards375@outlook.com', NULL, '2024-03-30 11:45:00'),
  (376, 'Marcus', 'Cordova', 'marcus.cordova376@hotmail.com', '+1-724-517-2692', '2024-01-27 10:30:00'),
  (377, 'Richard', 'Robertson', 'richard.robertson377@icloud.com', NULL, '2025-09-04 21:30:00'),
  (378, 'Vanessa', 'Sandoval', 'vanessa.sandoval378@hotmail.com', NULL, '2025-02-27 15:00:00'),
  (379, 'Amy', 'Gutierrez', 'amy.gutierrez379@icloud.com', '+1-448-685-9537', '2024-06-22 19:45:00'),
  (380, 'Jacob', 'Cox', 'jacob.cox380@yahoo.com', NULL, '2024-11-04 13:45:00'),
  (381, 'Katherine', 'Garrett', 'katherine.garrett381@yahoo.com', NULL, '2025-03-21 13:45:00'),
  (382, 'Kathleen', 'Harris', 'kathleen.harris382@outlook.com', '+1-278-469-5123', '2024-09-09 20:45:00'),
  (383, 'Andrea', 'Pennington', 'andrea.pennington383@icloud.com', '+1-668-209-3219', '2024-11-07 09:45:00'),
  (384, 'Samuel', 'Wolfe', 'samuel.wolfe384@outlook.com', '+1-589-923-6399', '2025-03-26 14:45:00'),
  (385, 'David', 'Dudley', 'david.dudley385@icloud.com', NULL, '2024-11-24 18:15:00'),
  (386, 'Chelsea', 'Allen', 'chelsea.allen386@hotmail.com', '+1-607-426-5775', '2025-12-12 19:45:00'),
  (387, 'Eric', 'Pierce', 'eric.pierce387@icloud.com', '+1-533-485-5592', '2025-02-06 14:00:00'),
  (388, 'Andrea', 'Davis', 'andrea.davis388@icloud.com', '+1-758-284-1440', '2025-04-17 20:15:00'),
  (389, 'Victoria', 'Durham', 'victoria.durham389@hotmail.com', '+1-909-170-7703', '2025-11-20 16:15:00'),
  (390, 'Steven', 'Wilson', 'steven.wilson390@outlook.com', '+1-874-257-7932', '2025-01-21 10:45:00'),
  (391, 'Marilyn', 'Jimenez', 'marilyn.jimenez391@icloud.com', '+1-610-647-9300', '2025-12-09 15:00:00'),
  (392, 'Jennifer', 'Hicks', 'jennifer.hicks392@outlook.com', '+1-749-708-2392', '2024-04-21 21:15:00'),
  (393, 'Joshua', 'Davenport', 'joshua.davenport393@outlook.com', '+1-827-145-7547', '2024-12-05 21:45:00'),
  (394, 'Tina', 'Sanchez', 'tina.sanchez394@gmail.com', NULL, '2024-09-21 12:15:00'),
  (395, 'Andrea', 'Reyes', 'andrea.reyes395@hotmail.com', '+1-674-890-9199', '2024-06-03 14:00:00'),
  (396, 'Sandra', 'Romero', 'sandra.romero396@hotmail.com', NULL, '2025-03-01 10:00:00'),
  (397, 'Natasha', 'Shields', 'natasha.shields397@yahoo.com', '+1-551-566-4389', '2025-06-17 16:30:00'),
  (398, 'Joshua', 'Tyler', 'joshua.tyler398@hotmail.com', NULL, '2025-12-14 16:30:00'),
  (399, 'Robert', 'Villa', 'robert.villa399@gmail.com', '+1-927-217-1370', '2024-12-17 19:00:00'),
  (400, 'William', 'Hoover', 'william.hoover400@yahoo.com', '+1-958-349-9454', '2024-06-27 17:15:00');

INSERT INTO customers (customer_id, first_name, last_name, email, phone, created_at) VALUES
  (401, 'Justin', 'Evans', 'justin.evans401@outlook.com', '+1-673-337-7636', '2025-10-06 11:15:00'),
  (402, 'Brenda', 'Duarte', 'brenda.duarte402@hotmail.com', '+1-955-728-4232', '2025-04-05 18:45:00'),
  (403, 'Tracy', 'Hernandez', 'tracy.hernandez403@hotmail.com', NULL, '2024-08-07 12:30:00'),
  (404, 'Amanda', 'Reed', 'amanda.reed404@gmail.com', '+1-749-291-6993', '2024-11-29 12:45:00'),
  (405, 'Andrea', 'Daniels', 'andrea.daniels405@gmail.com', '+1-701-640-6134', '2025-09-03 15:45:00'),
  (406, 'Stanley', 'Morris', 'stanley.morris406@icloud.com', NULL, '2024-12-26 16:15:00'),
  (407, 'Jacob', 'Terry', 'jacob.terry407@outlook.com', '+1-804-186-3194', '2024-11-16 10:15:00'),
  (408, 'Ashley', 'Hall', 'ashley.hall408@outlook.com', NULL, '2025-01-17 20:15:00'),
  (409, 'Kimberly', 'Williams', 'kimberly.williams409@icloud.com', '+1-810-241-7286', '2025-03-09 11:45:00'),
  (410, 'Julie', 'Thornton', 'julie.thornton410@icloud.com', '+1-860-277-3733', '2025-05-16 13:15:00'),
  (411, 'Lisa', 'Hughes', 'lisa.hughes411@yahoo.com', '+1-661-734-1878', '2025-01-02 09:45:00'),
  (412, 'Elizabeth', 'Hoover', 'elizabeth.hoover412@yahoo.com', '+1-593-675-9281', '2025-10-30 16:45:00'),
  (413, 'Tina', 'Simpson', 'tina.simpson413@hotmail.com', '+1-654-600-3740', '2024-03-25 18:00:00'),
  (414, 'Benjamin', 'Shaw', 'benjamin.shaw414@yahoo.com', '+1-481-330-9808', '2024-10-22 11:45:00'),
  (415, 'Brittany', 'Kane', 'brittany.kane415@icloud.com', '+1-984-607-9369', '2024-04-25 18:00:00'),
  (416, 'Morgan', 'Alexander', 'morgan.alexander416@outlook.com', '+1-575-655-1681', '2025-03-27 17:15:00'),
  (417, 'Alicia', 'Bryant', 'alicia.bryant417@hotmail.com', NULL, '2025-10-31 21:15:00'),
  (418, 'Jennifer', 'Ortiz', 'jennifer.ortiz418@outlook.com', '+1-233-560-5305', '2024-12-22 10:45:00'),
  (419, 'Diana', 'Moore', 'diana.moore419@gmail.com', '+1-442-314-6744', '2025-12-28 18:45:00'),
  (420, 'Terrance', 'Costa', 'terrance.costa420@yahoo.com', '+1-411-933-4390', '2024-03-01 18:30:00'),
  (421, 'Matthew', 'Schwartz', 'matthew.schwartz421@icloud.com', '+1-751-272-6302', '2025-12-21 13:30:00'),
  (422, 'Debra', 'Christian', 'debra.christian422@icloud.com', '+1-726-795-2560', '2024-05-18 21:45:00'),
  (423, 'Melissa', 'Villarreal', 'melissa.villarreal423@gmail.com', '+1-871-229-3174', '2024-09-12 11:30:00'),
  (424, 'Norman', 'Stewart', 'norman.stewart424@yahoo.com', '+1-892-502-9019', '2024-05-25 18:30:00'),
  (425, 'Jennifer', 'Malone', 'jennifer.malone425@hotmail.com', '+1-277-748-2525', '2025-02-16 17:30:00'),
  (426, 'Monique', 'Johnson', 'monique.johnson426@outlook.com', '+1-699-435-1040', '2024-04-05 20:45:00'),
  (427, 'Casey', 'Welch', 'casey.welch427@outlook.com', '+1-747-507-4568', '2025-03-15 12:45:00'),
  (428, 'Samantha', 'Bright', 'samantha.bright428@outlook.com', '+1-490-445-9967', '2025-08-14 11:45:00'),
  (429, 'Julie', 'Hamilton', 'julie.hamilton429@outlook.com', '+1-980-149-1752', '2024-04-11 19:45:00'),
  (430, 'Corey', 'Schultz', 'corey.schultz430@gmail.com', NULL, '2024-06-10 16:45:00'),
  (431, 'Monique', 'Wallace', 'monique.wallace431@gmail.com', '+1-638-307-3161', '2025-10-27 13:15:00'),
  (432, 'Heather', 'Berger', 'heather.berger432@outlook.com', NULL, '2025-01-04 13:00:00'),
  (433, 'Brandon', 'Flynn', 'brandon.flynn433@outlook.com', '+1-864-269-1848', '2025-02-09 19:30:00'),
  (434, 'Kelly', 'Brooks', 'kelly.brooks434@yahoo.com', '+1-293-820-2559', '2024-01-02 12:45:00'),
  (435, 'Dustin', 'Schmidt', 'dustin.schmidt435@gmail.com', NULL, '2024-08-19 17:45:00'),
  (436, 'Ashlee', 'Sparks', 'ashlee.sparks436@gmail.com', NULL, '2024-12-17 10:45:00'),
  (437, 'George', 'Miller', 'george.miller437@yahoo.com', '+1-434-492-2463', '2024-04-14 10:30:00'),
  (438, 'Monica', 'Harvey', 'monica.harvey438@outlook.com', '+1-340-491-3181', '2025-10-18 19:15:00'),
  (439, 'John', 'Durham', 'john.durham439@gmail.com', '+1-208-724-3688', '2025-03-26 14:15:00'),
  (440, 'Douglas', 'Murray', 'douglas.murray440@yahoo.com', '+1-830-803-8248', '2024-08-10 10:00:00'),
  (441, 'Jonathan', 'Scott', 'jonathan.scott441@yahoo.com', '+1-803-847-7291', '2024-12-25 15:30:00'),
  (442, 'Albert', 'Ballard', 'albert.ballard442@yahoo.com', '+1-860-186-5065', '2025-07-20 18:30:00'),
  (443, 'Rachel', 'Byrd', 'rachel.byrd443@gmail.com', '+1-874-996-5942', '2024-07-29 17:15:00'),
  (444, 'Eric', 'Alexander', 'eric.alexander444@hotmail.com', '+1-255-902-4921', '2025-05-21 15:00:00'),
  (445, 'Michael', 'Matthews', 'michael.matthews445@yahoo.com', '+1-808-172-9655', '2024-01-13 14:30:00'),
  (446, 'Danielle', 'Coleman', 'danielle.coleman446@yahoo.com', '+1-782-530-6986', '2025-07-13 19:15:00'),
  (447, 'John', 'Bruce', 'john.bruce447@hotmail.com', '+1-988-174-1273', '2025-08-24 10:00:00'),
  (448, 'James', 'Cruz', 'james.cruz448@outlook.com', '+1-261-908-7520', '2025-06-02 13:45:00'),
  (449, 'Timothy', 'Young', 'timothy.young449@hotmail.com', '+1-284-755-9791', '2025-07-04 18:15:00'),
  (450, 'Ashley', 'Andrews', 'ashley.andrews450@outlook.com', NULL, '2024-03-21 17:15:00'),
  (451, 'Victoria', 'Phillips', 'victoria.phillips451@yahoo.com', '+1-600-700-2083', '2024-11-13 20:45:00'),
  (452, 'Tiffany', 'Barrett', 'tiffany.barrett452@yahoo.com', NULL, '2024-03-29 15:00:00'),
  (453, 'Joshua', 'Knight', 'joshua.knight453@hotmail.com', '+1-256-416-3877', '2024-05-02 09:15:00'),
  (454, 'Gina', 'Garner', 'gina.garner454@gmail.com', '+1-555-635-9474', '2024-09-22 11:30:00'),
  (455, 'Brandon', 'Obrien', 'brandon.obrien455@yahoo.com', '+1-475-850-2934', '2024-01-31 14:45:00'),
  (456, 'Tyler', 'Strong', 'tyler.strong456@outlook.com', '+1-469-829-2262', '2025-05-23 16:30:00'),
  (457, 'Justin', 'Lindsey', 'justin.lindsey457@gmail.com', '+1-780-270-7024', '2024-06-10 13:00:00'),
  (458, 'Catherine', 'Gomez', 'catherine.gomez458@icloud.com', '+1-318-333-9336', '2024-01-03 09:00:00'),
  (459, 'Dana', 'Oliver', 'dana.oliver459@yahoo.com', NULL, '2025-01-07 15:15:00'),
  (460, 'Erica', 'Le', 'erica.le460@yahoo.com', '+1-236-666-7870', '2024-08-17 14:15:00'),
  (461, 'Donna', 'Massey', 'donna.massey461@hotmail.com', '+1-527-377-2276', '2025-08-08 14:00:00'),
  (462, 'Courtney', 'Berger', 'courtney.berger462@icloud.com', '+1-253-283-4656', '2025-06-12 09:45:00'),
  (463, 'Debbie', 'Parker', 'debbie.parker463@gmail.com', '+1-489-892-6090', '2024-12-01 10:45:00'),
  (464, 'Scott', 'Riley', 'scott.riley464@gmail.com', '+1-498-677-5979', '2025-09-29 12:45:00'),
  (465, 'Jessica', 'Davis', 'jessica.davis465@outlook.com', '+1-705-891-4201', '2025-07-13 21:15:00'),
  (466, 'Kenneth', 'Burgess', 'kenneth.burgess466@yahoo.com', NULL, '2025-02-23 09:15:00'),
  (467, 'Gregory', 'Anderson', 'gregory.anderson467@icloud.com', '+1-910-998-1157', '2024-12-09 09:45:00'),
  (468, 'Amber', 'Mata', 'amber.mata468@outlook.com', NULL, '2025-06-26 12:45:00'),
  (469, 'Alyssa', 'Mcintyre', 'alyssa.mcintyre469@hotmail.com', '+1-345-828-5584', '2024-04-05 09:15:00'),
  (470, 'Maria', 'Scott', 'maria.scott470@icloud.com', '+1-581-569-2391', '2025-08-17 10:15:00'),
  (471, 'Makayla', 'Olson', 'makayla.olson471@hotmail.com', NULL, '2025-08-04 09:45:00'),
  (472, 'Lindsay', 'Francis', 'lindsay.francis472@yahoo.com', '+1-467-971-6161', '2025-02-06 20:30:00'),
  (473, 'Matthew', 'Wilson', 'matthew.wilson473@outlook.com', '+1-439-176-4321', '2024-05-19 21:00:00'),
  (474, 'Sydney', 'Taylor', 'sydney.taylor474@yahoo.com', NULL, '2025-04-05 16:30:00'),
  (475, 'Tammy', 'Dalton', 'tammy.dalton475@hotmail.com', NULL, '2025-01-01 21:15:00'),
  (476, 'Jennifer', 'Whitney', 'jennifer.whitney476@hotmail.com', '+1-471-972-2964', '2024-04-02 11:30:00'),
  (477, 'Tammy', 'Ballard', 'tammy.ballard477@icloud.com', NULL, '2024-12-01 11:00:00'),
  (478, 'Michael', 'Gibbs', 'michael.gibbs478@yahoo.com', '+1-605-625-1802', '2025-11-24 13:30:00'),
  (479, 'Alexander', 'Herrera', 'alexander.herrera479@yahoo.com', NULL, '2025-02-18 16:15:00'),
  (480, 'Shawn', 'Chambers', 'shawn.chambers480@gmail.com', '+1-343-224-1195', '2024-03-04 21:15:00'),
  (481, 'Emily', 'Richards', 'emily.richards481@yahoo.com', '+1-610-481-2376', '2025-08-19 18:30:00'),
  (482, 'Lynn', 'Bentley', 'lynn.bentley482@gmail.com', NULL, '2024-03-07 12:45:00'),
  (483, 'Daniel', 'Hall', 'daniel.hall483@yahoo.com', NULL, '2024-12-05 10:00:00'),
  (484, 'Angel', 'Henson', 'angel.henson484@hotmail.com', NULL, '2025-08-10 15:45:00'),
  (485, 'Anna', 'Herman', 'anna.herman485@hotmail.com', NULL, '2025-11-30 15:15:00'),
  (486, 'Jeffrey', 'Brown', 'jeffrey.brown486@outlook.com', '+1-391-381-5585', '2025-04-01 11:00:00'),
  (487, 'Madison', 'Blankenship', 'madison.blankenship487@icloud.com', '+1-451-762-5835', '2025-05-25 15:45:00'),
  (488, 'Kevin', 'Ortiz', 'kevin.ortiz488@gmail.com', NULL, '2025-01-27 11:45:00'),
  (489, 'Donald', 'Shah', 'donald.shah489@yahoo.com', '+1-738-355-9907', '2024-01-20 15:30:00'),
  (490, 'Kevin', 'Vasquez', 'kevin.vasquez490@hotmail.com', '+1-696-452-9231', '2024-11-25 15:30:00'),
  (491, 'Colton', 'Clay', 'colton.clay491@yahoo.com', NULL, '2025-09-03 12:00:00'),
  (492, 'Derek', 'Chavez', 'derek.chavez492@outlook.com', NULL, '2025-04-28 17:30:00'),
  (493, 'Ellen', 'Paul', 'ellen.paul493@icloud.com', '+1-363-202-5060', '2025-11-03 12:30:00'),
  (494, 'Sonya', 'Barnes', 'sonya.barnes494@icloud.com', '+1-954-157-4594', '2025-08-12 21:45:00'),
  (495, 'Julia', 'Moore', 'julia.moore495@outlook.com', '+1-377-280-4875', '2025-08-29 14:30:00'),
  (496, 'Robert', 'Garcia', 'robert.garcia496@icloud.com', NULL, '2025-12-18 14:15:00'),
  (497, 'Tracy', 'Russell', 'tracy.russell497@icloud.com', '+1-704-655-6063', '2024-06-28 16:00:00'),
  (498, 'Stephanie', 'Johnson', 'stephanie.johnson498@gmail.com', NULL, '2025-09-08 12:00:00'),
  (499, 'Mitchell', 'Ramos', 'mitchell.ramos499@icloud.com', '+1-539-728-4300', '2024-05-13 14:15:00'),
  (500, 'Stephanie', 'Foley', 'stephanie.foley500@outlook.com', NULL, '2024-05-31 18:15:00');

INSERT INTO employees (employee_id, name, role, hourly_rate, hire_date) VALUES
  (1, 'Michael Stephens', 'Manager', 37.7, '2024-01-18'),
  (2, 'Heather Sanders', 'Admin', 37.47, '2024-03-21'),
  (3, 'Bryan Charles', 'GameMaster', 19.38, '2023-10-23'),
  (4, 'Matthew May', 'GameMaster', 17.05, '2024-06-13'),
  (5, 'Alison Buchanan', 'Manager', 39.41, '2023-10-12'),
  (6, 'Cameron Cunningham', 'GameMaster', 27.59, '2025-06-10'),
  (7, 'Phillip Clark', 'Manager', 28.35, '2025-04-21'),
  (8, 'Sergio Murphy', 'Manager', 30.68, '2023-08-27'),
  (9, 'Steven Smith', 'GameMaster', 24.47, '2025-03-19'),
  (10, 'Brianna Anderson', 'GameMaster', 27.93, '2025-03-08'),
  (11, 'Christopher Guerrero', 'GameMaster', 22.83, '2025-06-06'),
  (12, 'Adrian Tyler', 'GameMaster', 22.35, '2024-10-13'),
  (13, 'Franklin Thompson', 'GameMaster', 24.69, '2023-05-03'),
  (14, 'Patrick Fox', 'GameMaster', 19.15, '2022-07-01'),
  (15, 'Karen Strickland', 'Manager', 35.05, '2023-11-19'),
  (16, 'Ashley Gordon', 'GameMaster', 18.45, '2023-05-27'),
  (17, 'Amanda Logan', 'GameMaster', 19.56, '2022-08-10'),
  (18, 'Kelly Ellis', 'Manager', 25.72, '2024-06-16'),
  (19, 'Amy Mendoza', 'Manager', 39.54, '2024-04-27'),
  (20, 'Michael Henry', 'GameMaster', 19.92, '2025-01-23'),
  (21, 'Angel Miller', 'GameMaster', 25.77, '2025-03-29'),
  (22, 'Ana Hill', 'GameMaster', 23.93, '2022-11-30'),
  (23, 'Kimberly Nguyen', 'GameMaster', 25.39, '2022-03-10'),
  (24, 'Kerry Chavez DDS', 'GameMaster', 19.14, '2022-08-03'),
  (25, 'Michael Farrell', 'GameMaster', 17.21, '2024-02-08'),
  (26, 'Patricia Le', 'GameMaster', 15.98, '2022-07-10'),
  (27, 'Jesse Perez', 'GameMaster', 27.81, '2024-09-15'),
  (28, 'Jesse Perry', 'Manager', 31.47, '2022-12-04'),
  (29, 'Jeffery Ortega', 'GameMaster', 20.64, '2022-04-20'),
  (30, 'Christian Leblanc', 'GameMaster', 17.67, '2023-01-25');

INSERT INTO games (game_id, game_name, difficulty_level, duration_minutes, max_players) VALUES
  (1, 'The Haunted Mansion', 4, 90, 7),
  (2, 'Prison Break', 5, 60, 7),
  (3, 'The Lost Temple', 3, 60, 3),
  (4, 'Zombie Apocalypse', 1, 30, 5),
  (5, 'The Mad Scientist', 5, 90, 8),
  (6, 'Pirate''s Cove', 4, 45, 2),
  (7, 'The Bank Heist', 3, 30, 5),
  (8, 'Alien Encounter', 1, 60, 8),
  (9, 'The Enchanted Forest', 5, 75, 3),
  (10, 'Sherlock''s Study', 1, 30, 3),
  (11, 'The Submarine', 2, 60, 2),
  (12, 'Nightmare Asylum', 4, 30, 4),
  (13, 'The Time Machine', 4, 75, 5),
  (14, 'Cyber Attack', 3, 30, 7),
  (15, 'The Pharaoh''s Tomb', 5, 75, 3);

-- rooms (20 rows)
INSERT INTO rooms (room_id, room_name, capacity, game_id) VALUES
  (1, 'Chamber A', 7, 15),
  (2, 'Chamber B', 8, 6),
  (3, 'Vault 1', 4, 8),
  (4, 'Vault 2', 2, 5),
  (5, 'Dungeon East', 9, 8),
  (6, 'Dungeon West', 6, 4),
  (7, 'Lab Alpha', 6, 10),
  (8, 'Lab Beta', 2, 3),
  (9, 'Deck One', 3, 2),
  (10, 'Deck Two', 7, 13),
  (11, 'Tower North', 10, 7),
  (12, 'Tower South', 5, 9),
  (13, 'Cellar', 2, 14),
  (14, 'Attic', 8, 14),
  (15, 'Gallery', 10, 7),
  (16, 'Bunker', 10, 11),
  (17, 'Observatory', 9, 10),
  (18, 'Crypt', 5, 8),
  (19, 'Greenhouse', 6, 2),
  (20, 'Archive', 8, 15);

INSERT INTO bookings (booking_id, customer_id, booking_date, num_players, status, game_id) VALUES
  (1, 460, '2025-01-16', 3, 'COMPLETED', 1),
  (2, 144, '2025-05-18', 6, 'COMPLETED', 14),
  (3, 117, '2024-05-17', 8, 'COMPLETED', 5),
  (4, 374, '2025-03-02', 3, 'CANCELLED', 10),
  (5, 468, '2025-02-20', 4, 'COMPLETED', 12),
  (6, 421, '2024-02-27', 1, 'CANCELLED', 9),
  (7, 207, '2024-05-18', 5, 'COMPLETED', 13),
  (8, 41, '2024-07-24', 1, 'COMPLETED', 14),
  (9, 471, '2025-01-04', 2, 'COMPLETED', 12),
  (10, 259, '2025-02-10', 1, 'COMPLETED', 11),
  (11, 302, '2025-08-31', 3, 'COMPLETED', 8),
  (12, 283, '2024-12-24', 1, 'COMPLETED', 6),
  (13, 420, '2024-04-02', 1, 'COMPLETED', 5),
  (14, 177, '2024-08-07', 2, 'COMPLETED', 14),
  (15, 138, '2025-10-29', 5, 'CONFIRMED', 7),
  (16, 393, '2025-11-29', 4, 'COMPLETED', 1),
  (17, 308, '2024-01-09', 3, 'COMPLETED', 4),
  (18, 365, '2025-12-27', 2, 'CONFIRMED', 11),
  (19, 179, '2025-04-15', 4, 'COMPLETED', 5),
  (20, 423, '2025-09-30', 5, 'CANCELLED', 7),
  (21, 340, '2025-01-18', 3, 'COMPLETED', 9),
  (22, 317, '2024-04-20', 2, 'COMPLETED', 8),
  (23, 204, '2024-10-10', 5, 'CANCELLED', 5),
  (24, 124, '2024-02-28', 5, 'COMPLETED', 13),
  (25, 72, '2024-01-27', 2, 'COMPLETED', 11),
  (26, 301, '2025-02-18', 1, 'COMPLETED', 7),
  (27, 418, '2024-07-13', 1, 'COMPLETED', 6),
  (28, 244, '2025-11-18', 2, 'COMPLETED', 6),
  (29, 449, '2025-07-25', 2, 'CANCELLED', 3),
  (30, 133, '2025-07-26', 2, 'COMPLETED', 13),
  (31, 336, '2024-04-01', 3, 'COMPLETED', 4),
  (32, 216, '2024-12-05', 2, 'COMPLETED', 6),
  (33, 61, '2025-04-26', 7, 'COMPLETED', 1),
  (34, 318, '2024-03-13', 4, 'COMPLETED', 8),
  (35, 196, '2025-06-26', 7, 'CANCELLED', 5),
  (36, 71, '2024-07-24', 2, 'COMPLETED', 6),
  (37, 235, '2024-05-26', 1, 'COMPLETED', 6),
  (38, 324, '2024-06-30', 1, 'CONFIRMED', 6),
  (39, 26, '2024-06-21', 1, 'COMPLETED', 10),
  (40, 46, '2024-05-12', 2, 'COMPLETED', 10),
  (41, 495, '2025-05-03', 1, 'CONFIRMED', 7),
  (42, 235, '2024-01-15', 2, 'COMPLETED', 15),
  (43, 10, '2025-11-23', 6, 'COMPLETED', 1),
  (44, 439, '2024-11-15', 1, 'COMPLETED', 3),
  (45, 86, '2024-03-07', 1, 'COMPLETED', 14),
  (46, 203, '2025-06-16', 3, 'COMPLETED', 10),
  (47, 69, '2024-12-16', 2, 'COMPLETED', 15),
  (48, 359, '2024-01-20', 2, 'COMPLETED', 4),
  (49, 203, '2024-01-23', 3, 'CANCELLED', 10),
  (50, 334, '2024-02-08', 3, 'COMPLETED', 7),
  (51, 305, '2024-02-19', 1, 'COMPLETED', 11),
  (52, 420, '2024-04-28', 4, 'COMPLETED', 7),
  (53, 243, '2025-12-19', 1, 'COMPLETED', 3),
  (54, 155, '2025-03-06', 1, 'COMPLETED', 11),
  (55, 336, '2025-12-18', 2, 'COMPLETED', 3),
  (56, 418, '2025-09-24', 3, 'CANCELLED', 2),
  (57, 350, '2025-09-15', 3, 'COMPLETED', 4),
  (58, 184, '2025-12-21', 3, 'CONFIRMED', 7),
  (59, 467, '2024-07-31', 4, 'COMPLETED', 12),
  (60, 207, '2024-04-01', 1, 'COMPLETED', 15),
  (61, 77, '2024-04-02', 5, 'CANCELLED', 13),
  (62, 464, '2024-09-19', 1, 'COMPLETED', 11),
  (63, 136, '2025-04-20', 1, 'COMPLETED', 1),
  (64, 437, '2024-10-24', 2, 'COMPLETED', 6),
  (65, 26, '2024-02-16', 7, 'CANCELLED', 1),
  (66, 169, '2025-01-01', 2, 'COMPLETED', 15),
  (67, 203, '2024-04-05', 2, 'CANCELLED', 6),
  (68, 493, '2025-04-12', 7, 'COMPLETED', 5),
  (69, 216, '2025-10-26', 1, 'CANCELLED', 15),
  (70, 31, '2024-06-12', 4, 'COMPLETED', 2),
  (71, 292, '2025-11-25', 3, 'CANCELLED', 8),
  (72, 314, '2024-01-30', 6, 'COMPLETED', 14),
  (73, 457, '2024-05-13', 8, 'CANCELLED', 8),
  (74, 24, '2024-03-05', 6, 'CONFIRMED', 5),
  (75, 269, '2025-08-13', 2, 'COMPLETED', 12),
  (76, 174, '2025-06-15', 3, 'COMPLETED', 9),
  (77, 455, '2024-09-11', 6, 'COMPLETED', 8),
  (78, 77, '2025-07-25', 3, 'CANCELLED', 15),
  (79, 81, '2025-06-01', 4, 'COMPLETED', 14),
  (80, 39, '2025-05-18', 1, 'COMPLETED', 6),
  (81, 389, '2024-08-16', 3, 'COMPLETED', 9),
  (82, 41, '2025-04-15', 8, 'CANCELLED', 8),
  (83, 162, '2024-05-01', 1, 'CANCELLED', 8),
  (84, 286, '2025-07-16', 7, 'CANCELLED', 1),
  (85, 317, '2025-10-14', 4, 'COMPLETED', 5),
  (86, 175, '2025-01-07', 1, 'COMPLETED', 14),
  (87, 170, '2025-07-27', 5, 'COMPLETED', 13),
  (88, 187, '2025-04-08', 1, 'COMPLETED', 2),
  (89, 167, '2024-12-29', 6, 'COMPLETED', 14),
  (90, 55, '2025-01-17', 1, 'CONFIRMED', 12),
  (91, 86, '2025-02-23', 3, 'COMPLETED', 2),
  (92, 403, '2024-08-08', 4, 'COMPLETED', 8),
  (93, 301, '2024-02-17', 3, 'COMPLETED', 15),
  (94, 396, '2025-04-06', 3, 'COMPLETED', 8),
  (95, 170, '2024-02-19', 2, 'COMPLETED', 9),
  (96, 261, '2024-06-30', 2, 'COMPLETED', 12),
  (97, 7, '2025-11-04', 3, 'COMPLETED', 10),
  (98, 197, '2025-03-04', 3, 'COMPLETED', 10),
  (99, 167, '2024-10-28', 3, 'CANCELLED', 8),
  (100, 454, '2025-06-08', 6, 'COMPLETED', 5);

INSERT INTO bookings (booking_id, customer_id, booking_date, num_players, status, game_id) VALUES
  (101, 324, '2024-08-10', 2, 'COMPLETED', 4),
  (102, 439, '2025-11-19', 3, 'COMPLETED', 3),
  (103, 258, '2025-07-09', 3, 'COMPLETED', 12),
  (104, 288, '2025-05-06', 3, 'COMPLETED', 10),
  (105, 346, '2025-06-30', 7, 'COMPLETED', 5),
  (106, 13, '2025-01-25', 1, 'COMPLETED', 3),
  (107, 122, '2024-06-13', 5, 'CANCELLED', 5),
  (108, 35, '2024-07-27', 5, 'CONFIRMED', 13),
  (109, 53, '2025-09-22', 6, 'COMPLETED', 14),
  (110, 381, '2025-10-24', 2, 'COMPLETED', 9),
  (111, 409, '2025-12-13', 1, 'COMPLETED', 5),
  (112, 490, '2025-12-02', 1, 'CONFIRMED', 6),
  (113, 492, '2025-03-29', 2, 'COMPLETED', 14),
  (114, 332, '2025-01-11', 5, 'COMPLETED', 13),
  (115, 398, '2024-07-17', 8, 'CANCELLED', 5),
  (116, 96, '2024-06-26', 1, 'COMPLETED', 12),
  (117, 285, '2024-09-27', 1, 'COMPLETED', 3),
  (118, 283, '2025-04-22', 2, 'CONFIRMED', 12),
  (119, 306, '2024-02-22', 5, 'COMPLETED', 13),
  (120, 405, '2025-08-09', 2, 'CANCELLED', 9),
  (121, 270, '2024-08-13', 3, 'CANCELLED', 3),
  (122, 213, '2025-07-10', 2, 'CANCELLED', 9),
  (123, 104, '2025-11-10', 2, 'CONFIRMED', 6),
  (124, 122, '2025-09-25', 2, 'COMPLETED', 9),
  (125, 333, '2024-01-10', 6, 'COMPLETED', 2),
  (126, 20, '2025-09-20', 3, 'COMPLETED', 15),
  (127, 204, '2025-01-25', 1, 'COMPLETED', 15),
  (128, 145, '2024-01-26', 3, 'COMPLETED', 15),
  (129, 412, '2025-06-04', 8, 'CONFIRMED', 8),
  (130, 99, '2024-11-24', 1, 'COMPLETED', 9),
  (131, 382, '2025-07-04', 1, 'COMPLETED', 9),
  (132, 312, '2024-08-06', 6, 'COMPLETED', 14),
  (133, 400, '2025-12-20', 3, 'COMPLETED', 15),
  (134, 482, '2024-03-14', 2, 'CONFIRMED', 12),
  (135, 20, '2024-03-30', 1, 'CANCELLED', 2),
  (136, 347, '2025-08-11', 2, 'COMPLETED', 14),
  (137, 231, '2025-10-07', 4, 'COMPLETED', 7),
  (138, 61, '2025-07-01', 6, 'COMPLETED', 1),
  (139, 354, '2025-08-22', 6, 'COMPLETED', 1),
  (140, 258, '2024-04-18', 5, 'COMPLETED', 5),
  (141, 215, '2025-01-25', 1, 'COMPLETED', 7),
  (142, 70, '2025-02-04', 5, 'COMPLETED', 13),
  (143, 153, '2025-11-24', 3, 'CANCELLED', 15),
  (144, 6, '2025-07-20', 5, 'CANCELLED', 14),
  (145, 177, '2025-09-02', 5, 'COMPLETED', 7),
  (146, 223, '2024-12-18', 4, 'COMPLETED', 4),
  (147, 73, '2024-06-13', 1, 'COMPLETED', 3),
  (148, 388, '2024-07-04', 1, 'COMPLETED', 11),
  (149, 282, '2025-04-17', 1, 'COMPLETED', 11),
  (150, 62, '2024-07-21', 4, 'COMPLETED', 12),
  (151, 344, '2025-11-02', 1, 'CONFIRMED', 4),
  (152, 41, '2024-11-21', 8, 'COMPLETED', 8),
  (153, 356, '2025-08-21', 3, 'COMPLETED', 3),
  (154, 491, '2025-03-14', 1, 'COMPLETED', 3),
  (155, 365, '2025-10-18', 3, 'COMPLETED', 7),
  (156, 203, '2024-12-05', 2, 'COMPLETED', 15),
  (157, 157, '2025-05-13', 1, 'CANCELLED', 9),
  (158, 431, '2024-10-14', 7, 'CANCELLED', 14),
  (159, 135, '2025-10-03', 6, 'CANCELLED', 2),
  (160, 389, '2025-10-08', 7, 'COMPLETED', 1),
  (161, 303, '2024-08-05', 1, 'COMPLETED', 15),
  (162, 277, '2025-04-28', 1, 'COMPLETED', 11),
  (163, 382, '2025-08-26', 3, 'CANCELLED', 12),
  (164, 47, '2025-02-10', 1, 'COMPLETED', 6),
  (165, 413, '2025-09-20', 1, 'COMPLETED', 11),
  (166, 99, '2024-07-02', 3, 'COMPLETED', 10),
  (167, 377, '2025-05-10', 1, 'COMPLETED', 6),
  (168, 33, '2024-09-27', 1, 'CONFIRMED', 6),
  (169, 267, '2025-02-01', 8, 'COMPLETED', 8),
  (170, 484, '2024-11-27', 6, 'COMPLETED', 2),
  (171, 141, '2024-09-26', 3, 'COMPLETED', 10),
  (172, 194, '2025-01-09', 3, 'COMPLETED', 10),
  (173, 305, '2025-01-20', 1, 'COMPLETED', 15),
  (174, 445, '2024-12-19', 8, 'COMPLETED', 8),
  (175, 86, '2025-03-26', 1, 'CANCELLED', 3),
  (176, 109, '2024-06-02', 1, 'COMPLETED', 3),
  (177, 61, '2025-11-07', 4, 'COMPLETED', 4),
  (178, 247, '2025-11-22', 8, 'CONFIRMED', 8),
  (179, 320, '2024-01-23', 1, 'CANCELLED', 4),
  (180, 69, '2025-10-06', 1, 'COMPLETED', 9),
  (181, 65, '2024-09-21', 1, 'COMPLETED', 15),
  (182, 497, '2025-07-31', 1, 'COMPLETED', 11),
  (183, 421, '2024-10-17', 2, 'COMPLETED', 2),
  (184, 445, '2025-05-08', 1, 'COMPLETED', 3),
  (185, 407, '2025-08-19', 7, 'CANCELLED', 14),
  (186, 136, '2024-06-20', 3, 'COMPLETED', 12),
  (187, 36, '2024-08-23', 4, 'CANCELLED', 7),
  (188, 55, '2025-05-31', 2, 'COMPLETED', 11),
  (189, 91, '2025-05-02', 3, 'COMPLETED', 15),
  (190, 273, '2025-05-30', 1, 'CANCELLED', 13),
  (191, 462, '2025-09-09', 1, 'COMPLETED', 9),
  (192, 333, '2025-03-17', 2, 'COMPLETED', 9),
  (193, 289, '2025-03-15', 4, 'COMPLETED', 4),
  (194, 302, '2025-12-14', 1, 'CONFIRMED', 10),
  (195, 382, '2024-08-26', 1, 'COMPLETED', 15),
  (196, 210, '2024-09-20', 1, 'COMPLETED', 4),
  (197, 296, '2025-06-19', 5, 'CONFIRMED', 2),
  (198, 353, '2024-11-19', 3, 'CANCELLED', 7),
  (199, 300, '2024-09-16', 7, 'COMPLETED', 5),
  (200, 349, '2025-02-10', 2, 'COMPLETED', 13);

INSERT INTO bookings (booking_id, customer_id, booking_date, num_players, status, game_id) VALUES
  (201, 248, '2024-07-02', 2, 'COMPLETED', 6),
  (202, 177, '2025-12-23', 2, 'COMPLETED', 7),
  (203, 383, '2024-08-23', 3, 'CANCELLED', 8),
  (204, 403, '2024-12-12', 5, 'COMPLETED', 13),
  (205, 27, '2024-06-13', 1, 'COMPLETED', 7),
  (206, 242, '2025-09-06', 1, 'CANCELLED', 7),
  (207, 318, '2025-09-15', 6, 'COMPLETED', 1),
  (208, 315, '2025-11-02', 2, 'COMPLETED', 9),
  (209, 485, '2024-06-28', 2, 'COMPLETED', 11),
  (210, 455, '2025-06-14', 4, 'CONFIRMED', 5),
  (211, 265, '2025-12-16', 5, 'CONFIRMED', 4),
  (212, 489, '2025-11-01', 2, 'CONFIRMED', 1),
  (213, 359, '2024-12-27', 2, 'COMPLETED', 11),
  (214, 366, '2025-12-21', 1, 'CANCELLED', 2),
  (215, 287, '2025-08-19', 2, 'COMPLETED', 6),
  (216, 336, '2024-07-18', 7, 'COMPLETED', 8),
  (217, 320, '2025-06-02', 5, 'CANCELLED', 2),
  (218, 388, '2025-06-09', 5, 'COMPLETED', 5),
  (219, 289, '2025-05-10', 2, 'COMPLETED', 13),
  (220, 235, '2025-11-28', 1, 'CONFIRMED', 8),
  (221, 448, '2025-10-10', 2, 'COMPLETED', 13),
  (222, 285, '2025-02-26', 1, 'COMPLETED', 6),
  (223, 481, '2024-04-05', 3, 'CANCELLED', 7),
  (224, 244, '2024-11-17', 1, 'COMPLETED', 6),
  (225, 354, '2025-11-30', 1, 'CONFIRMED', 15),
  (226, 170, '2024-09-04', 3, 'COMPLETED', 14),
  (227, 428, '2025-09-25', 1, 'COMPLETED', 6),
  (228, 318, '2025-11-23', 2, 'CANCELLED', 11),
  (229, 278, '2024-02-13', 4, 'COMPLETED', 14),
  (230, 460, '2025-08-11', 3, 'COMPLETED', 14),
  (231, 469, '2025-06-07', 7, 'COMPLETED', 5),
  (232, 28, '2025-06-22', 4, 'COMPLETED', 13),
  (233, 258, '2024-12-21', 2, 'COMPLETED', 7),
  (234, 55, '2025-04-16', 1, 'CONFIRMED', 6),
  (235, 211, '2024-04-13', 2, 'COMPLETED', 6),
  (236, 450, '2024-09-26', 3, 'COMPLETED', 4),
  (237, 188, '2024-07-07', 7, 'COMPLETED', 8),
  (238, 191, '2025-01-08', 4, 'COMPLETED', 14),
  (239, 89, '2025-08-12', 1, 'COMPLETED', 11),
  (240, 412, '2024-08-29', 2, 'COMPLETED', 9),
  (241, 170, '2024-06-02', 1, 'CANCELLED', 8),
  (242, 458, '2025-10-07', 3, 'COMPLETED', 9),
  (243, 154, '2024-09-13', 3, 'CONFIRMED', 9),
  (244, 99, '2024-03-02', 3, 'COMPLETED', 4),
  (245, 231, '2024-12-08', 6, 'COMPLETED', 5),
  (246, 415, '2024-09-20', 1, 'COMPLETED', 6),
  (247, 348, '2025-09-12', 5, 'COMPLETED', 4),
  (248, 90, '2024-10-18', 2, 'COMPLETED', 6),
  (249, 378, '2025-04-02', 1, 'COMPLETED', 15),
  (250, 312, '2024-05-28', 2, 'COMPLETED', 14),
  (251, 216, '2025-10-08', 3, 'COMPLETED', 10),
  (252, 41, '2024-06-14', 1, 'COMPLETED', 6),
  (253, 364, '2024-09-30', 3, 'COMPLETED', 10),
  (254, 400, '2025-01-06', 4, 'COMPLETED', 12),
  (255, 18, '2024-05-08', 2, 'COMPLETED', 12),
  (256, 359, '2024-03-22', 2, 'COMPLETED', 4),
  (257, 470, '2025-07-15', 1, 'COMPLETED', 1),
  (258, 43, '2024-04-16', 3, 'CANCELLED', 5),
  (259, 200, '2024-11-12', 2, 'COMPLETED', 4),
  (260, 65, '2024-05-14', 1, 'CONFIRMED', 9),
  (261, 441, '2024-11-29', 4, 'COMPLETED', 14),
  (262, 479, '2024-10-05', 2, 'CANCELLED', 9),
  (263, 277, '2024-06-30', 3, 'COMPLETED', 10),
  (264, 450, '2025-07-31', 5, 'COMPLETED', 7),
  (265, 466, '2024-12-21', 4, 'COMPLETED', 8),
  (266, 188, '2025-02-26', 3, 'COMPLETED', 5),
  (267, 26, '2024-05-19', 2, 'COMPLETED', 6),
  (268, 302, '2025-05-03', 1, 'COMPLETED', 5),
  (269, 306, '2024-08-24', 1, 'COMPLETED', 13),
  (270, 147, '2025-03-23', 2, 'CANCELLED', 7),
  (271, 200, '2025-01-22', 3, 'CANCELLED', 4),
  (272, 265, '2025-09-19', 3, 'COMPLETED', 13),
  (273, 415, '2024-10-02', 2, 'COMPLETED', 7),
  (274, 35, '2024-04-23', 2, 'COMPLETED', 11),
  (275, 492, '2025-05-18', 3, 'CONFIRMED', 4),
  (276, 400, '2024-01-23', 1, 'COMPLETED', 3),
  (277, 215, '2024-01-09', 1, 'CANCELLED', 4),
  (278, 176, '2025-03-06', 8, 'COMPLETED', 5),
  (279, 406, '2024-02-02', 1, 'COMPLETED', 6),
  (280, 29, '2024-09-29', 4, 'CANCELLED', 13),
  (281, 99, '2024-09-13', 4, 'COMPLETED', 14),
  (282, 382, '2024-09-11', 4, 'COMPLETED', 7),
  (283, 102, '2025-04-16', 1, 'COMPLETED', 12),
  (284, 243, '2025-02-02', 2, 'COMPLETED', 11),
  (285, 203, '2024-02-13', 1, 'COMPLETED', 12),
  (286, 102, '2025-01-04', 1, 'COMPLETED', 15),
  (287, 388, '2024-08-29', 2, 'COMPLETED', 11),
  (288, 373, '2025-08-21', 4, 'COMPLETED', 2),
  (289, 462, '2025-08-18', 4, 'COMPLETED', 13),
  (290, 382, '2024-04-01', 2, 'COMPLETED', 4),
  (291, 174, '2025-10-02', 1, 'COMPLETED', 1),
  (292, 400, '2024-04-19', 2, 'COMPLETED', 3),
  (293, 404, '2025-10-22', 3, 'COMPLETED', 13),
  (294, 99, '2024-01-22', 4, 'COMPLETED', 12),
  (295, 462, '2025-05-11', 4, 'COMPLETED', 12),
  (296, 251, '2024-07-13', 1, 'COMPLETED', 10),
  (297, 240, '2024-10-08', 7, 'COMPLETED', 14),
  (298, 83, '2024-03-11', 1, 'COMPLETED', 9),
  (299, 278, '2025-01-10', 1, 'COMPLETED', 8),
  (300, 376, '2024-07-08', 1, 'COMPLETED', 15);

INSERT INTO bookings (booking_id, customer_id, booking_date, num_players, status, game_id) VALUES
  (301, 318, '2024-09-01', 1, 'COMPLETED', 6),
  (302, 199, '2024-07-13', 3, 'COMPLETED', 9),
  (303, 314, '2024-10-16', 2, 'COMPLETED', 6),
  (304, 55, '2025-11-05', 1, 'COMPLETED', 2),
  (305, 293, '2024-07-25', 4, 'CANCELLED', 2),
  (306, 20, '2025-02-01', 2, 'COMPLETED', 11),
  (307, 132, '2024-02-20', 1, 'COMPLETED', 6),
  (308, 223, '2025-11-02', 2, 'CONFIRMED', 8),
  (309, 185, '2025-07-25', 4, 'COMPLETED', 12),
  (310, 30, '2025-09-23', 1, 'COMPLETED', 5),
  (311, 40, '2024-08-09', 1, 'CANCELLED', 9),
  (312, 7, '2024-07-13', 5, 'COMPLETED', 4),
  (313, 486, '2024-07-02', 3, 'COMPLETED', 9),
  (314, 393, '2025-10-15', 2, 'COMPLETED', 10),
  (315, 219, '2024-04-16', 1, 'COMPLETED', 3),
  (316, 337, '2024-06-10', 3, 'COMPLETED', 9),
  (317, 162, '2025-07-17', 2, 'COMPLETED', 6),
  (318, 423, '2024-11-27', 1, 'COMPLETED', 10),
  (319, 382, '2025-07-17', 3, 'COMPLETED', 15),
  (320, 230, '2025-02-10', 6, 'CONFIRMED', 1),
  (321, 18, '2025-06-14', 2, 'CONFIRMED', 3),
  (322, 110, '2024-11-18', 7, 'COMPLETED', 1),
  (323, 142, '2025-07-20', 3, 'COMPLETED', 9),
  (324, 49, '2024-02-08', 6, 'CANCELLED', 8),
  (325, 211, '2024-09-12', 3, 'COMPLETED', 4),
  (326, 359, '2025-08-05', 1, 'COMPLETED', 15),
  (327, 406, '2025-05-09', 2, 'COMPLETED', 3),
  (328, 296, '2024-04-07', 3, 'COMPLETED', 10),
  (329, 296, '2025-01-25', 7, 'CANCELLED', 2),
  (330, 179, '2025-03-20', 1, 'COMPLETED', 7),
  (331, 484, '2025-09-08', 1, 'COMPLETED', 15),
  (332, 28, '2024-11-08', 1, 'COMPLETED', 9),
  (333, 168, '2025-05-29', 2, 'CANCELLED', 12),
  (334, 202, '2025-04-01', 5, 'COMPLETED', 13),
  (335, 401, '2024-10-23', 4, 'CANCELLED', 13),
  (336, 244, '2025-08-08', 1, 'COMPLETED', 12),
  (337, 359, '2025-05-28', 2, 'COMPLETED', 7),
  (338, 102, '2025-05-14', 5, 'CANCELLED', 7),
  (339, 377, '2025-06-20', 2, 'CANCELLED', 4),
  (340, 166, '2025-12-02', 3, 'CONFIRMED', 15),
  (341, 217, '2025-01-09', 1, 'COMPLETED', 6),
  (342, 13, '2024-11-08', 2, 'COMPLETED', 3),
  (343, 227, '2025-09-30', 2, 'CONFIRMED', 3),
  (344, 103, '2025-12-02', 1, 'COMPLETED', 6),
  (345, 58, '2024-02-25', 5, 'COMPLETED', 4),
  (346, 420, '2024-10-21', 3, 'COMPLETED', 1),
  (347, 58, '2025-04-27', 3, 'COMPLETED', 1),
  (348, 105, '2025-07-13', 2, 'COMPLETED', 9),
  (349, 73, '2025-12-12', 1, 'CONFIRMED', 12),
  (350, 270, '2024-02-14', 3, 'CANCELLED', 5),
  (351, 349, '2025-09-24', 1, 'COMPLETED', 5),
  (352, 35, '2025-02-01', 2, 'COMPLETED', 11),
  (353, 185, '2024-04-20', 3, 'COMPLETED', 1),
  (354, 119, '2025-01-24', 3, 'CANCELLED', 9),
  (355, 444, '2025-09-03', 1, 'CANCELLED', 9),
  (356, 235, '2025-07-28', 3, 'CONFIRMED', 15),
  (357, 289, '2024-11-08', 2, 'COMPLETED', 6),
  (358, 439, '2025-12-01', 2, 'CANCELLED', 6),
  (359, 389, '2024-10-09', 1, 'COMPLETED', 13),
  (360, 456, '2024-01-31', 2, 'COMPLETED', 9),
  (361, 202, '2025-11-03', 1, 'COMPLETED', 3),
  (362, 348, '2025-09-19', 6, 'COMPLETED', 14),
  (363, 294, '2024-06-05', 3, 'COMPLETED', 7),
  (364, 278, '2024-05-14', 2, 'COMPLETED', 4),
  (365, 104, '2024-05-21', 3, 'COMPLETED', 5),
  (366, 395, '2024-05-28', 1, 'COMPLETED', 11),
  (367, 486, '2024-05-01', 2, 'COMPLETED', 3),
  (368, 258, '2024-11-22', 2, 'COMPLETED', 15),
  (369, 382, '2025-10-14', 3, 'COMPLETED', 15),
  (370, 55, '2024-05-14', 1, 'COMPLETED', 3),
  (371, 137, '2025-09-12', 3, 'COMPLETED', 10),
  (372, 317, '2024-01-27', 1, 'COMPLETED', 6),
  (373, 258, '2025-09-11', 6, 'CANCELLED', 8),
  (374, 243, '2024-05-20', 1, 'COMPLETED', 3),
  (375, 497, '2024-01-16', 2, 'COMPLETED', 15),
  (376, 207, '2024-07-26', 2, 'CANCELLED', 13),
  (377, 225, '2025-09-23', 6, 'COMPLETED', 8),
  (378, 219, '2025-02-18', 1, 'COMPLETED', 13),
  (379, 369, '2024-11-16', 5, 'COMPLETED', 7),
  (380, 275, '2025-06-21', 1, 'COMPLETED', 11),
  (381, 424, '2024-02-13', 1, 'COMPLETED', 15),
  (382, 377, '2024-02-10', 2, 'COMPLETED', 9),
  (383, 26, '2024-07-13', 8, 'COMPLETED', 5),
  (384, 424, '2024-10-19', 3, 'COMPLETED', 8),
  (385, 28, '2025-12-07', 1, 'CONFIRMED', 9),
  (386, 47, '2025-05-27', 2, 'COMPLETED', 2),
  (387, 357, '2025-07-13', 2, 'COMPLETED', 3),
  (388, 92, '2025-04-09', 3, 'COMPLETED', 10),
  (389, 47, '2024-09-13', 1, 'COMPLETED', 6),
  (390, 388, '2025-12-24', 6, 'CONFIRMED', 8),
  (391, 373, '2025-06-07', 1, 'COMPLETED', 10),
  (392, 394, '2024-06-23', 2, 'COMPLETED', 15),
  (393, 77, '2024-06-15', 2, 'CANCELLED', 14),
  (394, 215, '2024-11-11', 8, 'COMPLETED', 5),
  (395, 89, '2024-07-26', 5, 'COMPLETED', 1),
  (396, 299, '2025-05-25', 1, 'COMPLETED', 9),
  (397, 112, '2025-08-25', 2, 'COMPLETED', 11),
  (398, 308, '2025-09-06', 2, 'COMPLETED', 1),
  (399, 312, '2025-07-24', 7, 'COMPLETED', 14),
  (400, 410, '2025-10-30', 1, 'CANCELLED', 6);

INSERT INTO bookings (booking_id, customer_id, booking_date, num_players, status, game_id) VALUES
  (401, 177, '2025-09-09', 6, 'COMPLETED', 5),
  (402, 301, '2024-07-01', 3, 'COMPLETED', 3),
  (403, 359, '2025-09-01', 3, 'CANCELLED', 10),
  (404, 297, '2025-01-03', 1, 'CANCELLED', 15),
  (405, 235, '2025-01-23', 1, 'COMPLETED', 14),
  (406, 34, '2024-10-26', 3, 'CANCELLED', 8),
  (407, 169, '2025-06-23', 5, 'COMPLETED', 7),
  (408, 410, '2024-04-21', 3, 'COMPLETED', 10),
  (409, 45, '2025-05-10', 3, 'COMPLETED', 12),
  (410, 133, '2025-06-22', 3, 'COMPLETED', 10),
  (411, 275, '2025-05-23', 3, 'COMPLETED', 9),
  (412, 93, '2025-09-16', 3, 'COMPLETED', 4),
  (413, 258, '2025-04-21', 1, 'COMPLETED', 11),
  (414, 249, '2025-02-28', 1, 'COMPLETED', 7),
  (415, 327, '2024-08-05', 6, 'COMPLETED', 1),
  (416, 496, '2024-11-11', 6, 'COMPLETED', 5),
  (417, 283, '2024-12-15', 5, 'COMPLETED', 7),
  (418, 22, '2024-07-17', 2, 'COMPLETED', 6),
  (419, 243, '2024-02-06', 1, 'COMPLETED', 11),
  (420, 457, '2025-07-03', 2, 'COMPLETED', 15),
  (421, 476, '2024-02-27', 5, 'COMPLETED', 14),
  (422, 162, '2025-07-22', 1, 'COMPLETED', 9),
  (423, 410, '2024-12-28', 2, 'COMPLETED', 2),
  (424, 448, '2025-10-03', 1, 'COMPLETED', 9),
  (425, 305, '2024-04-29', 7, 'COMPLETED', 14),
  (426, 162, '2025-12-27', 3, 'CONFIRMED', 1),
  (427, 122, '2025-01-15', 5, 'COMPLETED', 8),
  (428, 58, '2025-01-18', 1, 'COMPLETED', 13),
  (429, 228, '2025-06-02', 7, 'COMPLETED', 1),
  (430, 98, '2024-12-14', 2, 'COMPLETED', 15),
  (431, 398, '2024-12-01', 1, 'COMPLETED', 3),
  (432, 347, '2024-05-15', 1, 'COMPLETED', 4),
  (433, 268, '2024-04-28', 3, 'COMPLETED', 1),
  (434, 305, '2024-03-30', 2, 'COMPLETED', 6),
  (435, 382, '2025-11-05', 3, 'CONFIRMED', 12),
  (436, 328, '2024-08-02', 1, 'CANCELLED', 6),
  (437, 285, '2025-03-27', 1, 'COMPLETED', 11),
  (438, 388, '2024-01-16', 3, 'COMPLETED', 10),
  (439, 439, '2025-07-16', 2, 'CANCELLED', 6),
  (440, 146, '2025-08-10', 2, 'CANCELLED', 4),
  (441, 174, '2025-07-07', 1, 'CANCELLED', 8),
  (442, 346, '2024-02-21', 4, 'CANCELLED', 2),
  (443, 92, '2025-12-22', 3, 'CANCELLED', 10),
  (444, 229, '2025-09-23', 2, 'COMPLETED', 6),
  (445, 26, '2025-11-17', 5, 'CONFIRMED', 13),
  (446, 392, '2025-04-21', 1, 'CANCELLED', 10),
  (447, 358, '2025-04-24', 4, 'COMPLETED', 2),
  (448, 393, '2025-04-21', 4, 'COMPLETED', 8),
  (449, 249, '2024-09-21', 2, 'COMPLETED', 15),
  (450, 341, '2024-12-04', 3, 'COMPLETED', 13),
  (451, 470, '2024-04-25', 2, 'COMPLETED', 6),
  (452, 382, '2024-12-22', 3, 'CANCELLED', 10),
  (453, 206, '2024-04-19', 1, 'COMPLETED', 6),
  (454, 206, '2025-08-27', 2, 'COMPLETED', 7),
  (455, 499, '2025-05-08', 1, 'COMPLETED', 7),
  (456, 303, '2025-03-17', 4, 'COMPLETED', 13),
  (457, 356, '2024-08-29', 3, 'COMPLETED', 3),
  (458, 365, '2025-08-10', 4, 'CANCELLED', 14),
  (459, 167, '2025-07-22', 7, 'COMPLETED', 2),
  (460, 208, '2024-03-12', 1, 'COMPLETED', 10),
  (461, 420, '2025-01-23', 2, 'COMPLETED', 6),
  (462, 104, '2024-05-22', 3, 'COMPLETED', 15),
  (463, 1, '2024-05-30', 1, 'COMPLETED', 11),
  (464, 249, '2025-08-14', 4, 'COMPLETED', 8),
  (465, 154, '2025-08-06', 3, 'COMPLETED', 13),
  (466, 368, '2024-12-18', 5, 'CONFIRMED', 2),
  (467, 207, '2024-05-10', 3, 'CANCELLED', 14),
  (468, 496, '2024-02-24', 6, 'COMPLETED', 1),
  (469, 57, '2024-10-15', 1, 'COMPLETED', 14),
  (470, 202, '2025-10-02', 2, 'COMPLETED', 6),
  (471, 109, '2025-11-09', 2, 'CONFIRMED', 3),
  (472, 432, '2025-01-03', 4, 'CANCELLED', 14),
  (473, 344, '2024-05-08', 1, 'CANCELLED', 3),
  (474, 418, '2025-05-13', 2, 'COMPLETED', 11),
  (475, 86, '2025-10-19', 4, 'COMPLETED', 13),
  (476, 357, '2025-09-10', 2, 'COMPLETED', 15),
  (477, 218, '2025-07-19', 4, 'COMPLETED', 14),
  (478, 268, '2025-09-11', 5, 'COMPLETED', 1),
  (479, 365, '2025-05-28', 7, 'COMPLETED', 5),
  (480, 18, '2024-02-08', 2, 'COMPLETED', 10),
  (481, 291, '2025-12-08', 2, 'COMPLETED', 2),
  (482, 440, '2024-10-13', 2, 'COMPLETED', 8),
  (483, 126, '2025-04-28', 1, 'COMPLETED', 11),
  (484, 297, '2024-11-15', 1, 'COMPLETED', 10),
  (485, 6, '2025-04-25', 8, 'COMPLETED', 8),
  (486, 181, '2024-10-28', 3, 'CONFIRMED', 5),
  (487, 384, '2024-11-07', 3, 'CANCELLED', 12),
  (488, 87, '2025-08-09', 6, 'COMPLETED', 1),
  (489, 320, '2024-01-28', 8, 'CANCELLED', 5),
  (490, 436, '2024-10-11', 3, 'COMPLETED', 5),
  (491, 305, '2024-01-15', 1, 'COMPLETED', 12),
  (492, 379, '2024-06-03', 2, 'COMPLETED', 11),
  (493, 349, '2024-08-29', 3, 'COMPLETED', 8),
  (494, 176, '2024-03-27', 3, 'COMPLETED', 3),
  (495, 299, '2025-02-26', 4, 'COMPLETED', 13),
  (496, 327, '2024-06-20', 5, 'COMPLETED', 4),
  (497, 329, '2024-09-27', 1, 'CANCELLED', 13),
  (498, 244, '2024-11-04', 4, 'COMPLETED', 8),
  (499, 243, '2024-09-25', 3, 'COMPLETED', 3),
  (500, 58, '2025-01-26', 2, 'COMPLETED', 11);

INSERT INTO bookings (booking_id, customer_id, booking_date, num_players, status, game_id) VALUES
  (501, 22, '2024-04-09', 3, 'COMPLETED', 15),
  (502, 222, '2025-09-17', 3, 'COMPLETED', 15),
  (503, 137, '2024-04-10', 7, 'COMPLETED', 5),
  (504, 124, '2025-11-19', 1, 'CANCELLED', 10),
  (505, 93, '2024-11-16', 1, 'COMPLETED', 9),
  (506, 7, '2025-02-25', 5, 'CANCELLED', 2),
  (507, 113, '2024-10-17', 4, 'CONFIRMED', 5),
  (508, 30, '2025-08-31', 1, 'COMPLETED', 11),
  (509, 363, '2024-05-02', 7, 'COMPLETED', 2),
  (510, 392, '2025-10-25', 1, 'COMPLETED', 10),
  (511, 130, '2024-10-28', 2, 'COMPLETED', 8),
  (512, 142, '2025-03-13', 3, 'COMPLETED', 12),
  (513, 142, '2024-03-04', 4, 'COMPLETED', 7),
  (514, 133, '2024-07-01', 2, 'COMPLETED', 8),
  (515, 313, '2025-02-06', 3, 'COMPLETED', 3),
  (516, 382, '2025-03-17', 5, 'COMPLETED', 4),
  (517, 367, '2024-09-22', 1, 'CANCELLED', 2),
  (518, 129, '2025-04-01', 4, 'CANCELLED', 1),
  (519, 478, '2024-02-08', 2, 'COMPLETED', 11),
  (520, 464, '2025-02-04', 1, 'COMPLETED', 10),
  (521, 252, '2025-05-04', 4, 'COMPLETED', 7),
  (522, 403, '2024-03-12', 1, 'CONFIRMED', 9),
  (523, 419, '2025-05-08', 5, 'COMPLETED', 2),
  (524, 171, '2025-11-29', 7, 'CONFIRMED', 5),
  (525, 332, '2024-04-02', 2, 'CANCELLED', 6),
  (526, 393, '2024-10-23', 1, 'CANCELLED', 11),
  (527, 7, '2025-11-07', 3, 'COMPLETED', 4),
  (528, 323, '2025-12-06', 2, 'CONFIRMED', 6),
  (529, 377, '2024-07-13', 1, 'CANCELLED', 3),
  (530, 304, '2024-09-01', 7, 'CANCELLED', 8),
  (531, 158, '2025-05-26', 2, 'COMPLETED', 9),
  (532, 167, '2024-02-27', 1, 'COMPLETED', 6),
  (533, 484, '2025-11-14', 2, 'COMPLETED', 9),
  (534, 275, '2024-06-01', 2, 'COMPLETED', 12),
  (535, 109, '2025-05-15', 1, 'COMPLETED', 11),
  (536, 24, '2024-09-05', 2, 'CONFIRMED', 12),
  (537, 464, '2024-11-10', 7, 'CANCELLED', 14),
  (538, 428, '2025-08-28', 7, 'COMPLETED', 2),
  (539, 197, '2025-09-22', 1, 'COMPLETED', 4),
  (540, 416, '2025-11-25', 3, 'CONFIRMED', 7),
  (541, 280, '2024-05-20', 1, 'COMPLETED', 6),
  (542, 172, '2024-03-05', 3, 'CANCELLED', 2),
  (543, 357, '2025-01-13', 1, 'COMPLETED', 9),
  (544, 21, '2024-05-16', 7, 'COMPLETED', 2),
  (545, 399, '2024-06-10', 4, 'CANCELLED', 1),
  (546, 76, '2025-12-24', 2, 'CONFIRMED', 11),
  (547, 396, '2025-05-02', 2, 'COMPLETED', 12),
  (548, 268, '2025-04-06', 2, 'COMPLETED', 7),
  (549, 20, '2025-09-02', 3, 'COMPLETED', 3),
  (550, 322, '2024-11-04', 2, 'CONFIRMED', 6),
  (551, 230, '2025-06-26', 5, 'COMPLETED', 2),
  (552, 277, '2025-06-03', 4, 'COMPLETED', 4),
  (553, 142, '2024-02-24', 1, 'COMPLETED', 4),
  (554, 496, '2025-04-30', 3, 'CANCELLED', 8),
  (555, 28, '2025-10-22', 2, 'COMPLETED', 6),
  (556, 249, '2025-04-09', 1, 'COMPLETED', 1),
  (557, 91, '2024-06-10', 1, 'COMPLETED', 13),
  (558, 489, '2025-03-31', 3, 'COMPLETED', 10),
  (559, 74, '2024-11-29', 1, 'COMPLETED', 4),
  (560, 170, '2025-02-26', 2, 'COMPLETED', 14),
  (561, 470, '2025-08-22', 1, 'COMPLETED', 8),
  (562, 249, '2025-04-10', 2, 'COMPLETED', 3),
  (563, 100, '2025-10-09', 2, 'COMPLETED', 6),
  (564, 420, '2025-08-05', 3, 'CANCELLED', 1),
  (565, 235, '2025-03-04', 2, 'COMPLETED', 3),
  (566, 99, '2025-10-15', 1, 'COMPLETED', 10),
  (567, 118, '2024-03-29', 5, 'COMPLETED', 7),
  (568, 303, '2025-04-29', 4, 'COMPLETED', 14),
  (569, 377, '2024-09-09', 3, 'COMPLETED', 4),
  (570, 136, '2024-06-01', 3, 'COMPLETED', 15),
  (571, 23, '2024-02-11', 1, 'COMPLETED', 8),
  (572, 415, '2025-12-14', 1, 'CONFIRMED', 14),
  (573, 147, '2024-01-13', 4, 'COMPLETED', 12),
  (574, 35, '2024-09-01', 1, 'CONFIRMED', 11),
  (575, 83, '2025-12-21', 1, 'COMPLETED', 8),
  (576, 71, '2025-12-21', 2, 'COMPLETED', 7),
  (577, 238, '2025-12-21', 1, 'COMPLETED', 11),
  (578, 420, '2024-12-06', 1, 'COMPLETED', 9),
  (579, 358, '2025-09-19', 3, 'COMPLETED', 9),
  (580, 42, '2025-09-27', 2, 'COMPLETED', 15),
  (581, 74, '2025-01-07', 1, 'CANCELLED', 15),
  (582, 317, '2024-02-11', 2, 'CANCELLED', 6),
  (583, 35, '2025-07-28', 2, 'CANCELLED', 12),
  (584, 277, '2024-04-26', 2, 'COMPLETED', 11),
  (585, 447, '2025-12-20', 2, 'CONFIRMED', 4),
  (586, 258, '2025-11-27', 3, 'CONFIRMED', 7),
  (587, 232, '2025-05-12', 3, 'COMPLETED', 9),
  (588, 273, '2025-11-25', 5, 'COMPLETED', 14),
  (589, 189, '2025-11-20', 1, 'CONFIRMED', 12),
  (590, 45, '2024-03-23', 2, 'COMPLETED', 7),
  (591, 56, '2024-06-17', 2, 'COMPLETED', 5),
  (592, 448, '2024-07-28', 3, 'CONFIRMED', 9),
  (593, 350, '2025-07-08', 1, 'COMPLETED', 15),
  (594, 378, '2025-10-22', 3, 'CANCELLED', 1),
  (595, 322, '2025-06-16', 2, 'COMPLETED', 11),
  (596, 331, '2024-11-30', 8, 'COMPLETED', 8),
  (597, 460, '2024-11-09', 2, 'COMPLETED', 3),
  (598, 148, '2024-02-18', 2, 'COMPLETED', 3),
  (599, 317, '2024-06-13', 3, 'CANCELLED', 12),
  (600, 356, '2025-12-10', 3, 'COMPLETED', 15);

INSERT INTO bookings (booking_id, customer_id, booking_date, num_players, status, game_id) VALUES
  (601, 388, '2024-02-12', 1, 'COMPLETED', 6),
  (602, 106, '2025-07-29', 1, 'COMPLETED', 12),
  (603, 76, '2025-01-16', 3, 'COMPLETED', 8),
  (604, 258, '2025-02-18', 2, 'COMPLETED', 15),
  (605, 476, '2024-11-23', 1, 'COMPLETED', 3),
  (606, 260, '2024-12-05', 2, 'COMPLETED', 11),
  (607, 122, '2025-08-10', 1, 'COMPLETED', 11),
  (608, 473, '2025-03-28', 1, 'COMPLETED', 6),
  (609, 72, '2025-11-25', 1, 'CONFIRMED', 9),
  (610, 431, '2024-08-13', 6, 'CANCELLED', 8),
  (611, 20, '2024-07-18', 3, 'COMPLETED', 10),
  (612, 143, '2024-07-19', 1, 'COMPLETED', 1),
  (613, 344, '2024-03-30', 2, 'CANCELLED', 9),
  (614, 310, '2025-06-07', 6, 'COMPLETED', 1),
  (615, 268, '2025-01-13', 3, 'CONFIRMED', 7),
  (616, 158, '2025-04-01', 5, 'CANCELLED', 14),
  (617, 228, '2025-03-01', 4, 'COMPLETED', 13),
  (618, 497, '2025-03-10', 4, 'CANCELLED', 12),
  (619, 45, '2024-05-27', 3, 'COMPLETED', 4),
  (620, 172, '2024-03-08', 3, 'COMPLETED', 15),
  (621, 320, '2025-10-16', 2, 'COMPLETED', 15),
  (622, 364, '2025-08-04', 2, 'CANCELLED', 13),
  (623, 149, '2025-07-21', 1, 'COMPLETED', 8),
  (624, 300, '2024-11-07', 8, 'COMPLETED', 8),
  (625, 79, '2024-09-25', 8, 'CANCELLED', 5),
  (626, 148, '2025-03-03', 2, 'COMPLETED', 3),
  (627, 15, '2024-05-02', 3, 'COMPLETED', 13),
  (628, 307, '2025-01-05', 2, 'COMPLETED', 10),
  (629, 322, '2025-12-03', 2, 'CONFIRMED', 8),
  (630, 9, '2024-09-22', 3, 'CANCELLED', 3),
  (631, 450, '2025-12-10', 2, 'CONFIRMED', 3),
  (632, 301, '2025-10-13', 2, 'CONFIRMED', 15),
  (633, 243, '2024-03-19', 1, 'COMPLETED', 9),
  (634, 62, '2025-09-05', 2, 'COMPLETED', 13),
  (635, 424, '2025-12-02', 3, 'CONFIRMED', 13),
  (636, 186, '2024-04-08', 3, 'COMPLETED', 9),
  (637, 86, '2025-06-14', 6, 'COMPLETED', 5),
  (638, 472, '2024-06-15', 2, 'CANCELLED', 2),
  (639, 41, '2025-07-26', 3, 'COMPLETED', 10),
  (640, 273, '2025-12-30', 3, 'COMPLETED', 9),
  (641, 213, '2024-03-19', 7, 'CANCELLED', 2),
  (642, 439, '2024-11-15', 3, 'CANCELLED', 12),
  (643, 306, '2025-06-19', 3, 'CANCELLED', 13),
  (644, 382, '2024-05-01', 2, 'COMPLETED', 4),
  (645, 322, '2024-11-10', 1, 'CANCELLED', 3),
  (646, 420, '2024-04-24', 1, 'COMPLETED', 2),
  (647, 22, '2024-07-20', 1, 'COMPLETED', 2),
  (648, 31, '2025-04-25', 3, 'CONFIRMED', 2),
  (649, 6, '2024-04-08', 1, 'COMPLETED', 13),
  (650, 350, '2024-07-08', 2, 'CONFIRMED', 11),
  (651, 354, '2024-10-11', 2, 'COMPLETED', 10),
  (652, 400, '2025-09-19', 5, 'COMPLETED', 4),
  (653, 211, '2024-01-15', 1, 'COMPLETED', 9),
  (654, 88, '2025-07-04', 6, 'CANCELLED', 1),
  (655, 389, '2025-12-25', 6, 'COMPLETED', 8),
  (656, 74, '2024-04-19', 2, 'COMPLETED', 3),
  (657, 264, '2024-08-21', 1, 'COMPLETED', 7),
  (658, 239, '2024-04-22', 1, 'COMPLETED', 9),
  (659, 148, '2025-07-24', 1, 'CANCELLED', 12),
  (660, 198, '2024-10-17', 5, 'COMPLETED', 8),
  (661, 116, '2025-07-21', 3, 'COMPLETED', 7),
  (662, 439, '2024-03-12', 2, 'COMPLETED', 15),
  (663, 7, '2025-11-21', 2, 'CONFIRMED', 8),
  (664, 347, '2024-03-28', 2, 'COMPLETED', 2),
  (665, 53, '2024-06-21', 3, 'COMPLETED', 2),
  (666, 305, '2025-02-17', 2, 'COMPLETED', 2),
  (667, 143, '2025-12-31', 5, 'CANCELLED', 13),
  (668, 411, '2025-10-21', 3, 'COMPLETED', 7),
  (669, 208, '2025-05-11', 2, 'CANCELLED', 9),
  (670, 63, '2024-09-13', 8, 'COMPLETED', 8),
  (671, 16, '2024-04-11', 1, 'COMPLETED', 12),
  (672, 14, '2024-07-02', 5, 'COMPLETED', 7),
  (673, 492, '2025-09-30', 7, 'CANCELLED', 2),
  (674, 393, '2025-05-19', 4, 'COMPLETED', 13),
  (675, 252, '2025-05-31', 6, 'COMPLETED', 5),
  (676, 10, '2024-02-02', 1, 'COMPLETED', 7),
  (677, 193, '2025-03-29', 1, 'CONFIRMED', 8),
  (678, 441, '2024-11-06', 3, 'CANCELLED', 15),
  (679, 160, '2025-02-02', 2, 'COMPLETED', 8),
  (680, 284, '2025-12-02', 3, 'CONFIRMED', 9),
  (681, 81, '2025-06-02', 4, 'COMPLETED', 1),
  (682, 194, '2025-09-23', 2, 'COMPLETED', 11),
  (683, 410, '2024-01-29', 1, 'CANCELLED', 10),
  (684, 415, '2025-08-20', 7, 'COMPLETED', 1),
  (685, 50, '2025-03-14', 2, 'COMPLETED', 6),
  (686, 428, '2024-09-10', 3, 'COMPLETED', 4),
  (687, 34, '2024-11-08', 3, 'CANCELLED', 2),
  (688, 20, '2025-04-16', 2, 'COMPLETED', 11),
  (689, 137, '2024-01-21', 4, 'COMPLETED', 12),
  (690, 194, '2025-08-07', 3, 'COMPLETED', 7),
  (691, 52, '2025-12-08', 1, 'CONFIRMED', 11),
  (692, 392, '2025-11-14', 1, 'CANCELLED', 6),
  (693, 224, '2024-07-25', 2, 'COMPLETED', 8),
  (694, 148, '2024-09-28', 3, 'COMPLETED', 1),
  (695, 116, '2025-10-01', 1, 'COMPLETED', 12),
  (696, 304, '2024-12-10', 2, 'COMPLETED', 5),
  (697, 219, '2024-08-02', 1, 'COMPLETED', 6),
  (698, 412, '2024-11-03', 5, 'COMPLETED', 7),
  (699, 129, '2025-10-01', 2, 'COMPLETED', 9),
  (700, 452, '2024-01-20', 1, 'COMPLETED', 11);

INSERT INTO bookings (booking_id, customer_id, booking_date, num_players, status, game_id) VALUES
  (701, 354, '2025-04-23', 7, 'COMPLETED', 5),
  (702, 31, '2025-06-18', 3, 'COMPLETED', 4),
  (703, 354, '2025-12-02', 3, 'COMPLETED', 13),
  (704, 441, '2024-03-06', 1, 'COMPLETED', 11),
  (705, 481, '2025-10-23', 2, 'COMPLETED', 3),
  (706, 489, '2024-04-26', 1, 'CONFIRMED', 3),
  (707, 159, '2025-04-20', 7, 'COMPLETED', 8),
  (708, 104, '2024-06-12', 3, 'CONFIRMED', 5),
  (709, 143, '2025-11-05', 1, 'CANCELLED', 9),
  (710, 418, '2025-05-12', 1, 'CANCELLED', 13),
  (711, 161, '2025-09-08', 2, 'COMPLETED', 5),
  (712, 187, '2025-11-18', 1, 'CONFIRMED', 11),
  (713, 432, '2024-05-23', 1, 'COMPLETED', 4),
  (714, 62, '2025-06-18', 2, 'COMPLETED', 11),
  (715, 197, '2024-05-05', 3, 'COMPLETED', 13),
  (716, 200, '2024-08-29', 2, 'COMPLETED', 15),
  (717, 104, '2024-10-08', 7, 'COMPLETED', 8),
  (718, 252, '2025-06-30', 1, 'COMPLETED', 6),
  (719, 350, '2024-09-09', 3, 'COMPLETED', 5),
  (720, 421, '2024-11-11', 6, 'COMPLETED', 1),
  (721, 431, '2025-11-09', 1, 'COMPLETED', 13),
  (722, 123, '2024-09-16', 2, 'COMPLETED', 9),
  (723, 186, '2025-12-02', 5, 'COMPLETED', 2),
  (724, 199, '2024-01-09', 2, 'COMPLETED', 15),
  (725, 155, '2024-04-02', 1, 'COMPLETED', 15),
  (726, 83, '2025-03-25', 2, 'COMPLETED', 11),
  (727, 209, '2024-02-04', 2, 'COMPLETED', 5),
  (728, 242, '2025-02-26', 2, 'COMPLETED', 15),
  (729, 420, '2024-04-12', 2, 'COMPLETED', 14),
  (730, 181, '2025-03-06', 3, 'COMPLETED', 10),
  (731, 233, '2025-12-12', 7, 'CONFIRMED', 1),
  (732, 323, '2025-03-30', 2, 'CONFIRMED', 13),
  (733, 199, '2024-11-17', 1, 'CANCELLED', 10),
  (734, 206, '2025-10-26', 2, 'COMPLETED', 13),
  (735, 406, '2024-11-23', 8, 'COMPLETED', 8),
  (736, 22, '2025-12-04', 2, 'COMPLETED', 10),
  (737, 301, '2025-01-11', 2, 'COMPLETED', 3),
  (738, 453, '2025-08-07', 1, 'COMPLETED', 4),
  (739, 332, '2025-09-18', 1, 'COMPLETED', 11),
  (740, 102, '2024-09-25', 2, 'CONFIRMED', 12),
  (741, 308, '2024-09-23', 1, 'COMPLETED', 3),
  (742, 275, '2024-04-30', 6, 'COMPLETED', 1),
  (743, 476, '2025-04-09', 6, 'COMPLETED', 14),
  (744, 223, '2024-07-14', 7, 'COMPLETED', 14),
  (745, 299, '2025-01-26', 2, 'COMPLETED', 3),
  (746, 422, '2024-10-16', 2, 'COMPLETED', 12),
  (747, 75, '2024-01-30', 5, 'COMPLETED', 5),
  (748, 128, '2025-01-13', 3, 'COMPLETED', 10),
  (749, 470, '2024-05-16', 3, 'COMPLETED', 14),
  (750, 109, '2025-12-31', 4, 'COMPLETED', 7),
  (751, 62, '2025-07-24', 1, 'COMPLETED', 1),
  (752, 142, '2025-09-12', 1, 'CONFIRMED', 11),
  (753, 196, '2024-11-05', 3, 'CANCELLED', 7),
  (754, 22, '2025-08-17', 2, 'CANCELLED', 3),
  (755, 174, '2025-04-24', 1, 'COMPLETED', 3),
  (756, 73, '2024-09-23', 3, 'CONFIRMED', 2),
  (757, 373, '2025-01-04', 2, 'COMPLETED', 15),
  (758, 314, '2024-09-27', 2, 'COMPLETED', 9),
  (759, 170, '2025-05-18', 2, 'COMPLETED', 13),
  (760, 326, '2025-03-26', 2, 'CANCELLED', 1),
  (761, 293, '2025-04-26', 3, 'COMPLETED', 5),
  (762, 459, '2025-05-21', 4, 'COMPLETED', 1),
  (763, 249, '2025-04-13', 2, 'COMPLETED', 8),
  (764, 64, '2024-12-23', 2, 'COMPLETED', 2),
  (765, 65, '2025-06-04', 3, 'COMPLETED', 14),
  (766, 109, '2025-08-20', 5, 'COMPLETED', 1),
  (767, 347, '2024-09-09', 4, 'COMPLETED', 13),
  (768, 14, '2024-10-18', 1, 'COMPLETED', 11),
  (769, 488, '2024-04-18', 3, 'CANCELLED', 14),
  (770, 356, '2025-11-06', 8, 'CANCELLED', 8),
  (771, 455, '2024-01-06', 1, 'COMPLETED', 6),
  (772, 167, '2025-08-05', 1, 'COMPLETED', 3),
  (773, 145, '2024-11-26', 1, 'COMPLETED', 13),
  (774, 309, '2025-01-25', 4, 'COMPLETED', 2),
  (775, 382, '2025-02-12', 1, 'COMPLETED', 2),
  (776, 244, '2025-02-16', 3, 'CANCELLED', 5),
  (777, 222, '2024-11-13', 3, 'COMPLETED', 15),
  (778, 50, '2025-01-11', 1, 'COMPLETED', 9),
  (779, 244, '2024-10-01', 3, 'COMPLETED', 10),
  (780, 416, '2025-01-12', 1, 'COMPLETED', 10),
  (781, 21, '2025-06-09', 2, 'COMPLETED', 6),
  (782, 366, '2024-06-07', 2, 'COMPLETED', 15),
  (783, 43, '2024-10-24', 7, 'CANCELLED', 8),
  (784, 154, '2024-06-01', 3, 'COMPLETED', 3),
  (785, 268, '2025-03-13', 1, 'COMPLETED', 5),
  (786, 263, '2024-04-20', 2, 'COMPLETED', 9),
  (787, 369, '2025-08-05', 3, 'COMPLETED', 14),
  (788, 394, '2025-05-30', 1, 'COMPLETED', 1),
  (789, 403, '2024-07-05', 4, 'CONFIRMED', 14),
  (790, 361, '2024-10-31', 2, 'COMPLETED', 6),
  (791, 414, '2024-09-28', 1, 'COMPLETED', 6),
  (792, 336, '2024-09-22', 6, 'CANCELLED', 14),
  (793, 3, '2025-02-08', 1, 'CANCELLED', 2),
  (794, 355, '2025-02-18', 6, 'COMPLETED', 14),
  (795, 250, '2024-11-06', 3, 'COMPLETED', 10),
  (796, 354, '2025-11-22', 3, 'CONFIRMED', 7),
  (797, 41, '2024-04-24', 1, 'COMPLETED', 14),
  (798, 258, '2024-08-02', 3, 'COMPLETED', 8),
  (799, 321, '2025-07-05', 1, 'COMPLETED', 4),
  (800, 243, '2025-03-08', 1, 'CANCELLED', 1);

-- game_sessions (664 rows)
INSERT INTO game_sessions (session_id, booking_id, game_id, room_id, start_time, end_time, success) VALUES
  (1, 528, 6, 2, '2025-12-06 19:30:00', '2025-12-06 20:11:00', NULL),
  (2, 253, 10, 7, '2024-09-30 18:30:00', '2024-09-30 19:15:00', TRUE),
  (3, 177, 4, 6, '2025-11-07 16:30:00', '2025-11-07 16:51:00', FALSE),
  (4, 621, 15, 20, '2025-10-16 20:15:00', '2025-10-16 21:20:00', TRUE),
  (5, 766, 1, 13, '2025-08-20 10:30:00', '2025-08-20 12:08:00', FALSE),
  (6, 40, 10, 7, '2024-05-12 17:15:00', '2024-05-12 17:56:00', TRUE),
  (7, 12, 6, 2, '2024-12-24 18:15:00', '2024-12-24 19:13:00', TRUE),
  (8, 612, 1, 5, '2024-07-19 13:15:00', '2024-07-19 14:51:00', FALSE),
  (9, 230, 14, 13, '2025-08-11 19:00:00', '2025-08-11 19:42:00', FALSE),
  (10, 647, 2, 19, '2024-07-20 09:45:00', '2024-07-20 10:55:00', TRUE),
  (11, 715, 13, 10, '2024-05-05 15:45:00', '2024-05-05 16:58:00', TRUE),
  (12, 340, 15, 20, '2025-12-02 16:30:00', '2025-12-02 17:51:00', NULL),
  (13, 607, 11, 16, '2025-08-10 20:15:00', '2025-08-10 21:06:00', FALSE),
  (14, 172, 10, 17, '2025-01-09 17:45:00', '2025-01-09 18:15:00', TRUE),
  (15, 738, 4, 6, '2025-08-07 12:30:00', '2025-08-07 12:52:00', TRUE),
  (16, 152, 8, 18, '2024-11-21 12:45:00', '2024-11-21 13:37:00', TRUE),
  (17, 455, 7, 11, '2025-05-08 11:30:00', '2025-05-08 11:59:00', TRUE),
  (18, 757, 15, 1, '2025-01-04 09:45:00', '2025-01-04 11:03:00', TRUE),
  (19, 150, 12, 19, '2024-07-21 19:30:00', '2024-07-21 19:58:00', TRUE),
  (20, 105, 5, 4, '2025-06-30 16:15:00', '2025-06-30 17:45:00', TRUE),
  (21, 5, 12, 11, '2025-02-20 17:15:00', '2025-02-20 17:37:00', FALSE),
  (22, 265, 8, 3, '2024-12-21 19:45:00', '2024-12-21 20:53:00', TRUE),
  (23, 423, 2, 9, '2024-12-28 09:00:00', '2024-12-28 10:02:00', FALSE),
  (24, 569, 4, 6, '2024-09-09 11:00:00', '2024-09-09 11:45:00', FALSE),
  (25, 112, 6, 2, '2025-12-02 13:45:00', '2025-12-02 14:22:00', NULL),
  (26, 405, 14, 13, '2025-01-23 19:00:00', '2025-01-23 19:37:00', TRUE),
  (27, 113, 14, 14, '2025-03-29 15:45:00', '2025-03-29 16:08:00', FALSE),
  (28, 174, 8, 3, '2024-12-19 18:00:00', '2024-12-19 19:04:00', FALSE),
  (29, 290, 4, 6, '2024-04-01 15:00:00', '2024-04-01 15:30:00', TRUE),
  (30, 453, 6, 2, '2024-04-19 17:30:00', '2024-04-19 18:23:00', TRUE),
  (31, 744, 14, 13, '2024-07-14 10:00:00', '2024-07-14 10:39:00', TRUE),
  (32, 491, 12, 19, '2024-01-15 12:15:00', '2024-01-15 12:55:00', FALSE),
  (33, 748, 10, 17, '2025-01-13 15:45:00', '2025-01-13 16:28:00', FALSE),
  (34, 457, 3, 8, '2024-08-29 12:15:00', '2024-08-29 13:30:00', TRUE),
  (35, 711, 5, 4, '2025-09-08 11:30:00', '2025-09-08 13:08:00', FALSE),
  (36, 774, 2, 19, '2025-01-25 13:15:00', '2025-01-25 14:09:00', FALSE),
  (37, 503, 5, 4, '2024-04-10 18:30:00', '2024-04-10 19:59:00', FALSE),
  (38, 402, 3, 8, '2024-07-01 17:15:00', '2024-07-01 18:06:00', TRUE),
  (39, 183, 2, 9, '2024-10-17 15:30:00', '2024-10-17 16:26:00', TRUE),
  (40, 775, 2, 9, '2025-02-12 10:30:00', '2025-02-12 11:26:00', FALSE),
  (41, 648, 2, 19, '2025-04-25 18:30:00', '2025-04-25 19:38:00', NULL),
  (42, 507, 5, 4, '2024-10-17 18:30:00', '2024-10-17 20:03:00', NULL),
  (43, 546, 11, 16, '2025-12-24 11:00:00', '2025-12-24 12:04:00', NULL),
  (44, 313, 9, 12, '2024-07-02 16:15:00', '2024-07-02 17:20:00', TRUE),
  (45, 171, 10, 7, '2024-09-26 16:15:00', '2024-09-26 16:42:00', FALSE),
  (46, 565, 3, 8, '2025-03-04 20:45:00', '2025-03-04 21:41:00', FALSE),
  (47, 72, 14, 13, '2024-01-30 09:30:00', '2024-01-30 09:50:00', TRUE),
  (48, 332, 9, 12, '2024-11-08 09:00:00', '2024-11-08 10:09:00', FALSE),
  (49, 379, 7, 15, '2024-11-16 12:30:00', '2024-11-16 12:51:00', TRUE),
  (50, 316, 9, 12, '2024-06-10 12:30:00', '2024-06-10 13:40:00', TRUE),
  (51, 351, 5, 4, '2025-09-24 20:15:00', '2025-09-24 21:45:00', TRUE),
  (52, 34, 8, 3, '2024-03-13 12:00:00', '2024-03-13 12:55:00', FALSE),
  (53, 389, 6, 2, '2024-09-13 09:15:00', '2024-09-13 10:02:00', TRUE),
  (54, 558, 10, 17, '2025-03-31 12:30:00', '2025-03-31 13:04:00', TRUE),
  (55, 751, 1, 12, '2025-07-24 14:15:00', '2025-07-24 15:51:00', FALSE),
  (56, 47, 15, 1, '2024-12-16 10:15:00', '2024-12-16 11:24:00', TRUE),
  (57, 110, 9, 12, '2025-10-24 17:45:00', '2025-10-24 19:12:00', FALSE),
  (58, 728, 15, 20, '2025-02-26 18:45:00', '2025-02-26 20:10:00', TRUE),
  (59, 726, 11, 16, '2025-03-25 18:15:00', '2025-03-25 19:22:00', FALSE),
  (60, 308, 8, 3, '2025-11-02 14:15:00', '2025-11-02 15:06:00', NULL),
  (61, 567, 7, 15, '2024-03-29 11:45:00', '2024-03-29 12:11:00', TRUE),
  (62, 111, 5, 4, '2025-12-13 19:00:00', '2025-12-13 20:25:00', FALSE),
  (63, 736, 10, 17, '2025-12-04 16:45:00', '2025-12-04 17:10:00', FALSE),
  (64, 662, 15, 20, '2024-03-12 17:45:00', '2024-03-12 19:12:00', FALSE),
  (65, 66, 15, 20, '2025-01-01 13:45:00', '2025-01-01 15:10:00', TRUE),
  (66, 587, 9, 12, '2025-05-12 12:15:00', '2025-05-12 13:34:00', TRUE),
  (67, 21, 9, 12, '2025-01-18 12:30:00', '2025-01-18 13:48:00', FALSE),
  (68, 169, 8, 18, '2025-02-01 11:30:00', '2025-02-01 12:28:00', TRUE),
  (69, 416, 5, 4, '2024-11-11 10:30:00', '2024-11-11 12:04:00', FALSE),
  (70, 420, 15, 1, '2025-07-03 18:00:00', '2025-07-03 19:19:00', FALSE),
  (71, 141, 7, 15, '2025-01-25 16:45:00', '2025-01-25 17:18:00', FALSE),
  (72, 782, 15, 20, '2024-06-07 16:30:00', '2024-06-07 17:43:00', FALSE),
  (73, 140, 5, 4, '2024-04-18 11:45:00', '2024-04-18 13:12:00', FALSE),
  (74, 337, 7, 11, '2025-05-28 14:00:00', '2025-05-28 14:29:00', TRUE),
  (75, 357, 6, 2, '2024-11-08 12:00:00', '2024-11-08 12:38:00', TRUE),
  (76, 117, 3, 8, '2024-09-27 09:15:00', '2024-09-27 10:15:00', TRUE),
  (77, 432, 4, 6, '2024-05-15 13:30:00', '2024-05-15 14:13:00', FALSE),
  (78, 209, 11, 16, '2024-06-28 20:15:00', '2024-06-28 21:29:00', FALSE),
  (79, 595, 11, 16, '2025-06-16 13:30:00', '2025-06-16 14:31:00', FALSE),
  (80, 33, 1, 13, '2025-04-26 18:00:00', '2025-04-26 19:35:00', TRUE),
  (81, 368, 15, 20, '2024-11-22 12:15:00', '2024-11-22 13:43:00', TRUE),
  (82, 52, 7, 15, '2024-04-28 12:45:00', '2024-04-28 13:28:00', FALSE),
  (83, 777, 15, 20, '2024-11-13 10:30:00', '2024-11-13 11:41:00', FALSE),
  (84, 703, 13, 10, '2025-12-02 12:45:00', '2025-12-02 14:04:00', TRUE),
  (85, 697, 6, 2, '2024-08-02 11:15:00', '2024-08-02 11:59:00', TRUE),
  (86, 652, 4, 6, '2025-09-19 19:30:00', '2025-09-19 20:00:00', TRUE),
  (87, 375, 15, 20, '2024-01-16 15:45:00', '2024-01-16 17:14:00', FALSE),
  (88, 162, 11, 16, '2025-04-28 18:00:00', '2025-04-28 19:08:00', TRUE),
  (89, 116, 12, 5, '2024-06-26 11:30:00', '2024-06-26 12:08:00', FALSE),
  (90, 657, 7, 15, '2024-08-21 12:45:00', '2024-08-21 13:07:00', FALSE),
  (91, 292, 3, 8, '2024-04-19 16:00:00', '2024-04-19 17:00:00', FALSE),
  (92, 771, 6, 2, '2024-01-06 10:15:00', '2024-01-06 10:53:00', TRUE),
  (93, 756, 2, 9, '2024-09-23 20:45:00', '2024-09-23 21:35:00', NULL),
  (94, 646, 2, 9, '2024-04-24 12:00:00', '2024-04-24 13:02:00', FALSE),
  (95, 1, 1, 7, '2025-01-16 12:30:00', '2025-01-16 14:11:00', TRUE),
  (96, 231, 5, 4, '2025-06-07 09:30:00', '2025-06-07 11:06:00', TRUE),
  (97, 138, 1, 6, '2025-07-01 14:45:00', '2025-07-01 16:17:00', TRUE),
  (98, 434, 6, 2, '2024-03-30 11:45:00', '2024-03-30 12:35:00', TRUE),
  (99, 64, 6, 2, '2024-10-24 12:15:00', '2024-10-24 12:56:00', FALSE),
  (100, 155, 7, 15, '2025-10-18 20:45:00', '2025-10-18 21:10:00', FALSE);

INSERT INTO game_sessions (session_id, booking_id, game_id, room_id, start_time, end_time, success) VALUES
  (101, 396, 9, 12, '2025-05-25 17:45:00', '2025-05-25 18:58:00', TRUE),
  (102, 226, 14, 13, '2024-09-04 11:45:00', '2024-09-04 12:07:00', FALSE),
  (103, 239, 11, 16, '2025-08-12 17:30:00', '2025-08-12 18:38:00', FALSE),
  (104, 88, 2, 19, '2025-04-08 16:00:00', '2025-04-08 17:13:00', TRUE),
  (105, 430, 15, 20, '2024-12-14 19:45:00', '2024-12-14 21:01:00', FALSE),
  (106, 508, 11, 16, '2025-08-31 18:15:00', '2025-08-31 19:18:00', TRUE),
  (107, 145, 7, 11, '2025-09-02 18:45:00', '2025-09-02 19:19:00', FALSE),
  (108, 32, 6, 2, '2024-12-05 20:00:00', '2024-12-05 20:47:00', TRUE),
  (109, 499, 3, 8, '2024-09-25 11:30:00', '2024-09-25 12:40:00', FALSE),
  (110, 238, 14, 13, '2025-01-08 20:15:00', '2025-01-08 20:50:00', FALSE),
  (111, 372, 6, 2, '2024-01-27 14:00:00', '2024-01-27 14:59:00', TRUE),
  (112, 13, 5, 4, '2024-04-02 15:45:00', '2024-04-02 17:10:00', FALSE),
  (113, 70, 2, 9, '2024-06-12 17:00:00', '2024-06-12 18:04:00', TRUE),
  (114, 245, 5, 4, '2024-12-08 19:45:00', '2024-12-08 21:17:00', FALSE),
  (115, 798, 8, 18, '2024-08-02 15:15:00', '2024-08-02 16:17:00', TRUE),
  (116, 45, 14, 13, '2024-03-07 13:00:00', '2024-03-07 13:42:00', TRUE),
  (117, 720, 1, 11, '2024-11-11 19:45:00', '2024-11-11 21:20:00', FALSE),
  (118, 125, 2, 9, '2024-01-10 10:15:00', '2024-01-10 11:27:00', FALSE),
  (119, 298, 9, 12, '2024-03-11 16:30:00', '2024-03-11 17:40:00', TRUE),
  (120, 289, 13, 10, '2025-08-18 18:00:00', '2025-08-18 19:10:00', FALSE),
  (121, 680, 9, 12, '2025-12-02 17:45:00', '2025-12-02 18:55:00', NULL),
  (122, 272, 13, 10, '2025-09-19 19:00:00', '2025-09-19 20:26:00', FALSE),
  (123, 15, 7, 11, '2025-10-29 16:30:00', '2025-10-29 16:55:00', NULL),
  (124, 296, 10, 7, '2024-07-13 20:00:00', '2024-07-13 20:41:00', TRUE),
  (125, 691, 11, 16, '2025-12-08 20:00:00', '2025-12-08 21:10:00', NULL),
  (126, 465, 13, 10, '2025-08-06 15:30:00', '2025-08-06 16:49:00', TRUE),
  (127, 575, 8, 18, '2025-12-21 09:00:00', '2025-12-21 10:14:00', FALSE),
  (128, 486, 5, 4, '2024-10-28 12:30:00', '2024-10-28 13:57:00', NULL),
  (129, 392, 15, 1, '2024-06-23 10:00:00', '2024-06-23 11:18:00', TRUE),
  (130, 653, 9, 12, '2024-01-15 14:15:00', '2024-01-15 15:41:00', TRUE),
  (131, 730, 10, 7, '2025-03-06 10:15:00', '2025-03-06 10:58:00', TRUE),
  (132, 10, 11, 16, '2025-02-10 15:00:00', '2025-02-10 16:00:00', FALSE),
  (133, 579, 9, 12, '2025-09-19 18:15:00', '2025-09-19 19:37:00', FALSE),
  (134, 369, 15, 20, '2025-10-14 10:15:00', '2025-10-14 11:26:00', TRUE),
  (135, 764, 2, 19, '2024-12-23 14:15:00', '2024-12-23 15:05:00', FALSE),
  (136, 146, 4, 6, '2024-12-18 09:45:00', '2024-12-18 10:11:00', FALSE),
  (137, 550, 6, 2, '2024-11-04 10:30:00', '2024-11-04 11:25:00', NULL),
  (138, 201, 6, 2, '2024-07-02 09:00:00', '2024-07-02 09:41:00', FALSE),
  (139, 87, 13, 10, '2025-07-27 18:45:00', '2025-07-27 19:53:00', TRUE),
  (140, 519, 11, 16, '2024-02-08 10:30:00', '2024-02-08 11:40:00', FALSE),
  (141, 684, 1, 5, '2025-08-20 14:15:00', '2025-08-20 15:55:00', FALSE),
  (142, 160, 1, 16, '2025-10-08 10:30:00', '2025-10-08 11:50:00', FALSE),
  (143, 161, 15, 20, '2024-08-05 17:15:00', '2024-08-05 18:36:00', TRUE),
  (144, 424, 9, 12, '2025-10-03 09:00:00', '2025-10-03 10:14:00', TRUE),
  (145, 475, 13, 10, '2025-10-19 12:00:00', '2025-10-19 13:06:00', TRUE),
  (146, 484, 10, 17, '2024-11-15 16:30:00', '2024-11-15 16:56:00', TRUE),
  (147, 672, 7, 15, '2024-07-02 12:00:00', '2024-07-02 12:27:00', FALSE),
  (148, 794, 14, 14, '2025-02-18 11:30:00', '2025-02-18 12:00:00', TRUE),
  (149, 397, 11, 16, '2025-08-25 19:30:00', '2025-08-25 20:44:00', TRUE),
  (150, 118, 12, 8, '2025-04-22 20:30:00', '2025-04-22 21:00:00', NULL),
  (151, 378, 13, 10, '2025-02-18 12:00:00', '2025-02-18 13:26:00', TRUE),
  (152, 413, 11, 16, '2025-04-21 18:45:00', '2025-04-21 19:51:00', FALSE),
  (153, 531, 9, 12, '2025-05-26 16:00:00', '2025-05-26 17:07:00', FALSE),
  (154, 370, 3, 8, '2024-05-14 12:00:00', '2024-05-14 13:10:00', TRUE),
  (155, 243, 9, 12, '2024-09-13 11:00:00', '2024-09-13 12:10:00', NULL),
  (156, 629, 8, 18, '2025-12-03 17:15:00', '2025-12-03 18:12:00', NULL),
  (157, 300, 15, 1, '2024-07-08 15:45:00', '2024-07-08 16:59:00', TRUE),
  (158, 309, 12, 7, '2025-07-25 12:45:00', '2025-07-25 13:10:00', TRUE),
  (159, 344, 6, 2, '2025-12-02 13:45:00', '2025-12-02 14:40:00', TRUE),
  (160, 225, 15, 20, '2025-11-30 16:00:00', '2025-11-30 17:16:00', NULL),
  (161, 303, 6, 2, '2024-10-16 15:15:00', '2024-10-16 16:05:00', FALSE),
  (162, 604, 15, 20, '2025-02-18 17:45:00', '2025-02-18 19:14:00', TRUE),
  (163, 649, 13, 10, '2024-04-08 09:45:00', '2024-04-08 11:03:00', TRUE),
  (164, 597, 3, 8, '2024-11-09 18:15:00', '2024-11-09 19:22:00', TRUE),
  (165, 450, 13, 10, '2024-12-04 15:45:00', '2024-12-04 16:59:00', FALSE),
  (166, 480, 10, 17, '2024-02-08 15:45:00', '2024-02-08 16:07:00', FALSE),
  (167, 429, 1, 5, '2025-06-02 20:45:00', '2025-06-02 22:11:00', TRUE),
  (168, 401, 5, 4, '2025-09-09 09:00:00', '2025-09-09 10:36:00', FALSE),
  (169, 287, 11, 16, '2024-08-29 15:45:00', '2024-08-29 16:47:00', FALSE),
  (170, 437, 11, 16, '2025-03-27 16:30:00', '2025-03-27 17:40:00', TRUE),
  (171, 553, 4, 6, '2024-02-24 09:00:00', '2024-02-24 09:32:00', TRUE),
  (172, 43, 1, 7, '2025-11-23 15:30:00', '2025-11-23 17:14:00', FALSE),
  (173, 343, 3, 8, '2025-09-30 19:30:00', '2025-09-30 20:42:00', NULL),
  (174, 509, 2, 9, '2024-05-02 19:45:00', '2024-05-02 20:48:00', TRUE),
  (175, 409, 12, 8, '2025-05-10 16:00:00', '2025-05-10 16:31:00', TRUE),
  (176, 31, 4, 6, '2024-04-01 13:45:00', '2024-04-01 14:26:00', TRUE),
  (177, 670, 8, 5, '2024-09-13 12:15:00', '2024-09-13 13:05:00', TRUE),
  (178, 28, 6, 2, '2025-11-18 19:45:00', '2025-11-18 20:32:00', TRUE),
  (179, 523, 2, 9, '2025-05-08 15:15:00', '2025-05-08 16:18:00', FALSE),
  (180, 119, 13, 10, '2024-02-22 17:45:00', '2024-02-22 19:08:00', FALSE),
  (181, 786, 9, 12, '2024-04-20 20:00:00', '2024-04-20 21:08:00', FALSE),
  (182, 391, 10, 7, '2025-06-07 13:15:00', '2025-06-07 13:58:00', FALSE),
  (183, 729, 14, 14, '2024-04-12 09:15:00', '2024-04-12 09:50:00', TRUE),
  (184, 674, 13, 10, '2025-05-19 10:45:00', '2025-05-19 12:06:00', FALSE),
  (185, 492, 11, 16, '2024-06-03 20:45:00', '2024-06-03 21:40:00', TRUE),
  (186, 137, 7, 15, '2025-10-07 11:15:00', '2025-10-07 11:41:00', FALSE),
  (187, 663, 8, 3, '2025-11-21 17:00:00', '2025-11-21 18:04:00', NULL),
  (188, 592, 9, 12, '2024-07-28 11:15:00', '2024-07-28 12:21:00', NULL),
  (189, 644, 4, 6, '2024-05-01 12:30:00', '2024-05-01 13:03:00', FALSE),
  (190, 421, 14, 13, '2024-02-27 19:15:00', '2024-02-27 19:37:00', FALSE),
  (191, 346, 1, 3, '2024-10-21 15:00:00', '2024-10-21 16:28:00', TRUE),
  (192, 127, 15, 20, '2025-01-25 09:15:00', '2025-01-25 10:35:00', FALSE),
  (193, 102, 3, 8, '2025-11-19 09:00:00', '2025-11-19 09:58:00', TRUE),
  (194, 347, 1, 19, '2025-04-27 09:00:00', '2025-04-27 10:26:00', TRUE),
  (195, 306, 11, 16, '2025-02-01 18:30:00', '2025-02-01 19:35:00', FALSE),
  (196, 267, 6, 2, '2024-05-19 18:45:00', '2024-05-19 19:30:00', FALSE),
  (197, 705, 3, 8, '2025-10-23 14:15:00', '2025-10-23 15:16:00', FALSE),
  (198, 359, 13, 10, '2024-10-09 18:00:00', '2024-10-09 19:16:00', FALSE),
  (199, 222, 6, 2, '2025-02-26 09:45:00', '2025-02-26 10:42:00', FALSE),
  (200, 749, 14, 13, '2024-05-16 09:00:00', '2024-05-16 09:36:00', FALSE);

INSERT INTO game_sessions (session_id, booking_id, game_id, room_id, start_time, end_time, success) VALUES
  (201, 785, 5, 4, '2025-03-13 14:45:00', '2025-03-13 16:24:00', FALSE),
  (202, 538, 2, 19, '2025-08-28 19:15:00', '2025-08-28 20:05:00', FALSE),
  (203, 724, 15, 1, '2024-01-09 19:30:00', '2024-01-09 20:36:00', FALSE),
  (204, 54, 11, 16, '2025-03-06 12:45:00', '2025-03-06 13:47:00', TRUE),
  (205, 168, 6, 2, '2024-09-27 15:45:00', '2024-09-27 16:41:00', NULL),
  (206, 208, 9, 12, '2025-11-02 20:45:00', '2025-11-02 21:59:00', TRUE),
  (207, 574, 11, 16, '2024-09-01 17:00:00', '2024-09-01 17:54:00', NULL),
  (208, 560, 14, 14, '2025-02-26 10:30:00', '2025-02-26 11:11:00', FALSE),
  (209, 156, 15, 1, '2024-12-05 16:00:00', '2024-12-05 17:20:00', TRUE),
  (210, 149, 11, 16, '2025-04-17 12:15:00', '2025-04-17 13:29:00', TRUE),
  (211, 236, 4, 6, '2024-09-26 15:00:00', '2024-09-26 15:25:00', FALSE),
  (212, 702, 4, 6, '2025-06-18 13:15:00', '2025-06-18 13:58:00', FALSE),
  (213, 165, 11, 16, '2025-09-20 19:00:00', '2025-09-20 20:11:00', TRUE),
  (214, 336, 12, 18, '2025-08-08 19:45:00', '2025-08-08 20:07:00', FALSE),
  (215, 16, 1, 8, '2025-11-29 18:00:00', '2025-11-29 19:40:00', FALSE),
  (216, 571, 8, 5, '2024-02-11 20:45:00', '2024-02-11 21:55:00', FALSE),
  (217, 181, 15, 1, '2024-09-21 12:30:00', '2024-09-21 13:38:00', FALSE),
  (218, 295, 12, 3, '2025-05-11 10:00:00', '2025-05-11 10:30:00', TRUE),
  (219, 321, 3, 8, '2025-06-14 18:30:00', '2025-06-14 19:24:00', NULL),
  (220, 58, 7, 15, '2025-12-21 15:00:00', '2025-12-21 15:29:00', NULL),
  (221, 741, 3, 8, '2024-09-23 18:15:00', '2024-09-23 19:17:00', FALSE),
  (222, 387, 3, 8, '2025-07-13 14:15:00', '2025-07-13 15:21:00', TRUE),
  (223, 202, 7, 11, '2025-12-23 15:00:00', '2025-12-23 15:37:00', FALSE),
  (224, 591, 5, 4, '2024-06-17 11:30:00', '2024-06-17 12:57:00', FALSE),
  (225, 734, 13, 10, '2025-10-26 11:30:00', '2025-10-26 12:39:00', TRUE),
  (226, 742, 1, 20, '2024-04-30 14:30:00', '2024-04-30 16:06:00', TRUE),
  (227, 98, 10, 17, '2025-03-04 20:45:00', '2025-03-04 21:25:00', TRUE),
  (228, 371, 10, 17, '2025-09-12 13:45:00', '2025-09-12 14:06:00', FALSE),
  (229, 242, 9, 12, '2025-10-07 20:15:00', '2025-10-07 21:43:00', TRUE),
  (230, 248, 6, 2, '2024-10-18 11:45:00', '2024-10-18 12:43:00', FALSE),
  (231, 605, 3, 8, '2024-11-23 19:15:00', '2024-11-23 20:05:00', FALSE),
  (232, 180, 9, 12, '2025-10-06 15:45:00', '2025-10-06 17:01:00', FALSE),
  (233, 636, 9, 12, '2024-04-08 10:30:00', '2024-04-08 11:44:00', TRUE),
  (234, 462, 15, 20, '2024-05-22 10:15:00', '2024-05-22 11:30:00', TRUE),
  (235, 664, 2, 19, '2024-03-28 16:15:00', '2024-03-28 17:23:00', TRUE),
  (236, 268, 5, 4, '2025-05-03 20:45:00', '2025-05-03 22:14:00', TRUE),
  (237, 325, 4, 6, '2024-09-12 12:15:00', '2024-09-12 12:58:00', TRUE),
  (238, 721, 13, 10, '2025-11-09 20:00:00', '2025-11-09 21:26:00', TRUE),
  (239, 619, 4, 6, '2024-05-27 15:15:00', '2024-05-27 15:36:00', TRUE),
  (240, 232, 13, 10, '2025-06-22 16:15:00', '2025-06-22 17:21:00', TRUE),
  (241, 668, 7, 15, '2025-10-21 18:45:00', '2025-10-21 19:09:00', FALSE),
  (242, 276, 3, 8, '2024-01-23 09:00:00', '2024-01-23 09:57:00', FALSE),
  (243, 505, 9, 12, '2024-11-16 13:15:00', '2024-11-16 14:40:00', FALSE),
  (244, 515, 3, 8, '2025-02-06 16:45:00', '2025-02-06 17:43:00', FALSE),
  (245, 170, 2, 19, '2024-11-27 09:00:00', '2024-11-27 09:53:00', TRUE),
  (246, 106, 3, 8, '2025-01-25 16:15:00', '2025-01-25 17:05:00', FALSE),
  (247, 624, 8, 5, '2024-11-07 20:00:00', '2024-11-07 21:15:00', TRUE),
  (248, 463, 11, 16, '2024-05-30 16:45:00', '2024-05-30 17:44:00', TRUE),
  (249, 74, 5, 4, '2024-03-05 14:00:00', '2024-03-05 15:42:00', NULL),
  (250, 124, 9, 12, '2025-09-25 15:00:00', '2025-09-25 16:17:00', FALSE),
  (251, 665, 2, 9, '2024-06-21 17:00:00', '2024-06-21 18:14:00', TRUE),
  (252, 304, 2, 9, '2025-11-05 11:15:00', '2025-11-05 12:05:00', FALSE),
  (253, 210, 5, 4, '2025-06-14 10:00:00', '2025-06-14 11:24:00', NULL),
  (254, 762, 1, 19, '2025-05-21 12:15:00', '2025-05-21 13:37:00', FALSE),
  (255, 714, 11, 16, '2025-06-18 10:00:00', '2025-06-18 11:06:00', FALSE),
  (256, 53, 3, 8, '2025-12-19 17:15:00', '2025-12-19 18:18:00', TRUE),
  (257, 205, 7, 11, '2024-06-13 13:00:00', '2024-06-13 13:36:00', FALSE),
  (258, 95, 9, 12, '2024-02-19 11:45:00', '2024-02-19 13:12:00', FALSE),
  (259, 516, 4, 6, '2025-03-17 18:15:00', '2025-03-17 18:57:00', TRUE),
  (260, 281, 14, 13, '2024-09-13 12:00:00', '2024-09-13 12:26:00', TRUE),
  (261, 286, 15, 20, '2025-01-04 12:15:00', '2025-01-04 13:39:00', TRUE),
  (262, 382, 9, 12, '2024-02-10 13:15:00', '2024-02-10 14:43:00', FALSE),
  (263, 651, 10, 7, '2024-10-11 17:30:00', '2024-10-11 17:58:00', FALSE),
  (264, 86, 14, 13, '2025-01-07 15:45:00', '2025-01-07 16:07:00', FALSE),
  (265, 407, 7, 15, '2025-06-23 20:15:00', '2025-06-23 20:52:00', TRUE),
  (266, 426, 1, 3, '2025-12-27 19:30:00', '2025-12-27 21:10:00', NULL),
  (267, 212, 1, 7, '2025-11-01 20:30:00', '2025-11-01 22:08:00', NULL),
  (268, 282, 7, 11, '2024-09-11 15:15:00', '2024-09-11 15:45:00', FALSE),
  (269, 195, 15, 20, '2024-08-26 09:15:00', '2024-08-26 10:22:00', FALSE),
  (270, 297, 14, 13, '2024-10-08 17:00:00', '2024-10-08 17:41:00', FALSE),
  (271, 385, 9, 12, '2025-12-07 14:00:00', '2025-12-07 15:16:00', NULL),
  (272, 27, 6, 2, '2024-07-13 13:15:00', '2024-07-13 14:15:00', TRUE),
  (273, 41, 7, 15, '2025-05-03 09:00:00', '2025-05-03 09:32:00', NULL),
  (274, 696, 5, 4, '2024-12-10 15:00:00', '2024-12-10 16:45:00', TRUE),
  (275, 759, 13, 10, '2025-05-18 17:30:00', '2025-05-18 18:53:00', FALSE),
  (276, 2, 14, 13, '2025-05-18 17:30:00', '2025-05-18 18:12:00', FALSE),
  (277, 501, 15, 20, '2024-04-09 18:00:00', '2024-04-09 19:06:00', TRUE),
  (278, 114, 13, 10, '2025-01-11 15:15:00', '2025-01-11 16:31:00', FALSE),
  (279, 136, 14, 14, '2025-08-11 18:15:00', '2025-08-11 18:43:00', TRUE),
  (280, 431, 3, 8, '2024-12-01 19:15:00', '2024-12-01 20:09:00', FALSE),
  (281, 349, 12, 19, '2025-12-12 20:30:00', '2025-12-12 20:51:00', NULL),
  (282, 631, 3, 8, '2025-12-10 20:15:00', '2025-12-10 21:26:00', NULL),
  (283, 261, 14, 14, '2024-11-29 20:45:00', '2024-11-29 21:10:00', FALSE),
  (284, 91, 2, 19, '2025-02-23 16:30:00', '2025-02-23 17:28:00', FALSE),
  (285, 383, 5, 4, '2024-07-13 13:00:00', '2024-07-13 14:29:00', FALSE),
  (286, 791, 6, 2, '2024-09-28 10:00:00', '2024-09-28 10:37:00', TRUE),
  (287, 380, 11, 16, '2025-06-21 11:00:00', '2025-06-21 11:52:00', FALSE),
  (288, 184, 3, 8, '2025-05-08 09:45:00', '2025-05-08 10:56:00', TRUE),
  (289, 593, 15, 20, '2025-07-08 16:00:00', '2025-07-08 17:17:00', TRUE),
  (290, 235, 6, 2, '2024-04-13 20:00:00', '2024-04-13 20:57:00', FALSE),
  (291, 799, 4, 6, '2025-07-05 12:00:00', '2025-07-05 12:39:00', FALSE),
  (292, 524, 5, 4, '2025-11-29 19:15:00', '2025-11-29 20:40:00', NULL),
  (293, 365, 5, 4, '2024-05-21 14:15:00', '2024-05-21 15:51:00', FALSE),
  (294, 97, 10, 7, '2025-11-04 15:45:00', '2025-11-04 16:17:00', TRUE),
  (295, 699, 9, 12, '2025-10-01 10:30:00', '2025-10-01 11:56:00', TRUE),
  (296, 795, 10, 7, '2024-11-06 13:30:00', '2024-11-06 14:05:00', FALSE),
  (297, 182, 11, 16, '2025-07-31 12:00:00', '2025-07-31 13:13:00', FALSE),
  (298, 352, 11, 16, '2025-02-01 13:00:00', '2025-02-01 14:04:00', FALSE),
  (299, 675, 5, 4, '2025-05-31 14:00:00', '2025-05-31 15:39:00', FALSE),
  (300, 76, 9, 12, '2025-06-15 13:30:00', '2025-06-15 14:38:00', TRUE);

INSERT INTO game_sessions (session_id, booking_id, game_id, room_id, start_time, end_time, success) VALUES
  (301, 470, 6, 2, '2025-10-02 20:15:00', '2025-10-02 21:02:00', FALSE),
  (302, 787, 14, 13, '2025-08-05 10:45:00', '2025-08-05 11:20:00', TRUE),
  (303, 706, 3, 8, '2024-04-26 17:15:00', '2024-04-26 18:18:00', NULL),
  (304, 547, 12, 4, '2025-05-02 16:00:00', '2025-05-02 16:24:00', FALSE),
  (305, 532, 6, 2, '2024-02-27 16:45:00', '2024-02-27 17:31:00', FALSE),
  (306, 100, 5, 4, '2025-06-08 15:15:00', '2025-06-08 16:52:00', FALSE),
  (307, 19, 5, 4, '2025-04-15 16:45:00', '2025-04-15 18:10:00', TRUE),
  (308, 293, 13, 10, '2025-10-22 20:45:00', '2025-10-22 21:50:00', FALSE),
  (309, 617, 13, 10, '2025-03-01 10:15:00', '2025-03-01 11:29:00', TRUE),
  (310, 666, 2, 9, '2025-02-17 15:45:00', '2025-02-17 16:58:00', FALSE),
  (311, 75, 12, 2, '2025-08-13 11:15:00', '2025-08-13 11:50:00', FALSE),
  (312, 539, 4, 6, '2025-09-22 15:45:00', '2025-09-22 16:22:00', FALSE),
  (313, 315, 3, 8, '2024-04-16 14:45:00', '2024-04-16 15:51:00', FALSE),
  (314, 561, 8, 3, '2025-08-22 10:00:00', '2025-08-22 11:15:00', TRUE),
  (315, 712, 11, 16, '2025-11-18 11:30:00', '2025-11-18 12:36:00', NULL),
  (316, 790, 6, 2, '2024-10-31 19:15:00', '2024-10-31 19:51:00', FALSE),
  (317, 693, 8, 5, '2024-07-25 18:00:00', '2024-07-25 19:03:00', FALSE),
  (318, 471, 3, 8, '2025-11-09 13:45:00', '2025-11-09 14:37:00', NULL),
  (319, 92, 8, 5, '2024-08-08 12:15:00', '2024-08-08 13:28:00', TRUE),
  (320, 103, 12, 8, '2025-07-09 13:00:00', '2025-07-09 13:28:00', TRUE),
  (321, 259, 4, 6, '2024-11-12 12:45:00', '2024-11-12 13:27:00', TRUE),
  (322, 301, 6, 2, '2024-09-01 12:15:00', '2024-09-01 12:57:00', TRUE),
  (323, 274, 11, 16, '2024-04-23 15:00:00', '2024-04-23 15:58:00', TRUE),
  (324, 474, 11, 16, '2025-05-13 15:00:00', '2025-05-13 16:09:00', TRUE),
  (325, 307, 6, 2, '2024-02-20 09:45:00', '2024-02-20 10:33:00', FALSE),
  (326, 655, 8, 18, '2025-12-25 19:15:00', '2025-12-25 20:12:00', FALSE),
  (327, 167, 6, 2, '2025-05-10 16:00:00', '2025-05-10 16:51:00', FALSE),
  (328, 247, 4, 6, '2025-09-12 13:00:00', '2025-09-12 13:28:00', FALSE),
  (329, 318, 10, 17, '2024-11-27 14:45:00', '2024-11-27 15:12:00', FALSE),
  (330, 345, 4, 6, '2024-02-25 11:00:00', '2024-02-25 11:20:00', TRUE),
  (331, 788, 1, 11, '2025-05-30 12:30:00', '2025-05-30 14:05:00', FALSE),
  (332, 534, 12, 20, '2024-06-01 10:45:00', '2024-06-01 11:10:00', FALSE),
  (333, 322, 1, 16, '2024-11-18 14:30:00', '2024-11-18 15:59:00', TRUE),
  (334, 233, 7, 11, '2024-12-21 19:00:00', '2024-12-21 19:41:00', TRUE),
  (335, 46, 10, 17, '2025-06-16 14:30:00', '2025-06-16 15:13:00', FALSE),
  (336, 773, 13, 10, '2024-11-26 19:30:00', '2024-11-26 20:41:00', FALSE),
  (337, 614, 1, 3, '2025-06-07 10:15:00', '2025-06-07 11:55:00', TRUE),
  (338, 294, 12, 2, '2024-01-22 18:15:00', '2024-01-22 18:41:00', FALSE),
  (339, 85, 5, 4, '2025-10-14 10:30:00', '2025-10-14 11:59:00', FALSE),
  (340, 779, 10, 7, '2024-10-01 17:15:00', '2024-10-01 17:36:00', TRUE),
  (341, 576, 7, 11, '2025-12-21 15:30:00', '2025-12-21 16:14:00', FALSE),
  (342, 562, 3, 8, '2025-04-10 16:00:00', '2025-04-10 17:03:00', TRUE),
  (343, 48, 4, 6, '2024-01-20 15:00:00', '2024-01-20 15:25:00', FALSE),
  (344, 658, 9, 12, '2024-04-22 13:00:00', '2024-04-22 14:23:00', TRUE),
  (345, 264, 7, 11, '2025-07-31 20:45:00', '2025-07-31 21:20:00', TRUE),
  (346, 536, 12, 6, '2024-09-05 16:45:00', '2024-09-05 17:22:00', NULL),
  (347, 59, 12, 13, '2024-07-31 15:30:00', '2024-07-31 15:56:00', TRUE),
  (348, 469, 14, 13, '2024-10-15 11:15:00', '2024-10-15 11:53:00', TRUE),
  (349, 227, 6, 2, '2025-09-25 17:30:00', '2025-09-25 18:14:00', TRUE),
  (350, 123, 6, 2, '2025-11-10 20:30:00', '2025-11-10 21:22:00', NULL),
  (351, 361, 3, 8, '2025-11-03 11:15:00', '2025-11-03 12:06:00', TRUE),
  (352, 589, 12, 10, '2025-11-20 09:15:00', '2025-11-20 09:43:00', NULL),
  (353, 207, 1, 5, '2025-09-15 13:00:00', '2025-09-15 14:40:00', TRUE),
  (354, 63, 1, 7, '2025-04-20 17:00:00', '2025-04-20 18:20:00', FALSE),
  (355, 154, 3, 8, '2025-03-14 14:00:00', '2025-03-14 15:12:00', FALSE),
  (356, 488, 1, 5, '2025-08-09 15:30:00', '2025-08-09 17:00:00', TRUE),
  (357, 237, 8, 18, '2024-07-07 09:30:00', '2024-07-07 10:27:00', FALSE),
  (358, 90, 12, 6, '2025-01-17 13:00:00', '2025-01-17 13:37:00', NULL),
  (359, 414, 7, 11, '2025-02-28 20:45:00', '2025-02-28 21:25:00', FALSE),
  (360, 454, 7, 11, '2025-08-27 16:15:00', '2025-08-27 16:45:00', FALSE),
  (361, 784, 3, 8, '2024-06-01 18:45:00', '2024-06-01 19:39:00', FALSE),
  (362, 495, 13, 10, '2025-02-26 20:45:00', '2025-02-26 22:01:00', TRUE),
  (363, 189, 15, 20, '2025-05-02 10:45:00', '2025-05-02 11:55:00', FALSE),
  (364, 221, 13, 10, '2025-10-10 11:15:00', '2025-10-10 12:38:00', FALSE),
  (365, 746, 12, 6, '2024-10-16 19:30:00', '2024-10-16 19:50:00', FALSE),
  (366, 367, 3, 8, '2024-05-01 11:45:00', '2024-05-01 12:56:00', TRUE),
  (367, 677, 8, 3, '2025-03-29 11:00:00', '2025-03-29 12:03:00', NULL),
  (368, 410, 10, 7, '2025-06-22 16:45:00', '2025-06-22 17:08:00', TRUE),
  (369, 464, 8, 18, '2025-08-14 09:00:00', '2025-08-14 10:02:00', FALSE),
  (370, 563, 6, 2, '2025-10-09 10:00:00', '2025-10-09 10:59:00', TRUE),
  (371, 719, 5, 4, '2024-09-09 12:00:00', '2024-09-09 13:28:00', TRUE),
  (372, 772, 3, 8, '2025-08-05 09:00:00', '2025-08-05 10:07:00', FALSE),
  (373, 660, 8, 18, '2024-10-17 10:15:00', '2024-10-17 11:09:00', FALSE),
  (374, 747, 5, 4, '2024-01-30 11:30:00', '2024-01-30 13:00:00', FALSE),
  (375, 688, 11, 16, '2025-04-16 12:00:00', '2025-04-16 13:07:00', FALSE),
  (376, 3, 5, 4, '2024-05-17 09:00:00', '2024-05-17 10:23:00', FALSE),
  (377, 632, 15, 1, '2025-10-13 17:45:00', '2025-10-13 18:54:00', NULL),
  (378, 188, 11, 16, '2025-05-31 12:00:00', '2025-05-31 12:57:00', FALSE),
  (379, 685, 6, 2, '2025-03-14 11:30:00', '2025-03-14 12:25:00', FALSE),
  (380, 461, 6, 2, '2025-01-23 19:45:00', '2025-01-23 20:41:00', TRUE),
  (381, 522, 9, 12, '2024-03-12 11:00:00', '2024-03-12 12:12:00', NULL),
  (382, 30, 13, 10, '2025-07-26 13:30:00', '2025-07-26 14:37:00', FALSE),
  (383, 79, 14, 13, '2025-06-01 14:00:00', '2025-06-01 14:21:00', TRUE),
  (384, 224, 6, 2, '2024-11-17 15:30:00', '2024-11-17 16:24:00', TRUE),
  (385, 312, 4, 6, '2024-07-13 11:30:00', '2024-07-13 12:09:00', FALSE),
  (386, 386, 2, 19, '2025-05-27 10:30:00', '2025-05-27 11:35:00', FALSE),
  (387, 478, 1, 9, '2025-09-11 20:00:00', '2025-09-11 21:45:00', TRUE),
  (388, 234, 6, 2, '2025-04-16 19:15:00', '2025-04-16 20:00:00', NULL),
  (389, 37, 6, 2, '2024-05-26 15:45:00', '2024-05-26 16:43:00', FALSE),
  (390, 451, 6, 2, '2024-04-25 10:45:00', '2024-04-25 11:43:00', FALSE),
  (391, 68, 5, 4, '2025-04-12 10:30:00', '2025-04-12 11:54:00', TRUE),
  (392, 310, 5, 4, '2025-09-23 14:30:00', '2025-09-23 16:05:00', FALSE),
  (393, 263, 10, 17, '2024-06-30 20:45:00', '2024-06-30 21:24:00', FALSE),
  (394, 502, 15, 1, '2025-09-17 19:15:00', '2025-09-17 20:32:00', FALSE),
  (395, 555, 6, 2, '2025-10-22 17:45:00', '2025-10-22 18:37:00', TRUE),
  (396, 686, 4, 6, '2024-09-10 10:45:00', '2024-09-10 11:21:00', TRUE),
  (397, 763, 8, 18, '2025-04-13 10:15:00', '2025-04-13 11:16:00', TRUE),
  (398, 366, 11, 16, '2024-05-28 09:30:00', '2024-05-28 10:37:00', FALSE),
  (399, 590, 7, 11, '2024-03-23 10:00:00', '2024-03-23 10:31:00', FALSE),
  (400, 17, 4, 6, '2024-01-09 13:45:00', '2024-01-09 14:09:00', FALSE);

INSERT INTO game_sessions (session_id, booking_id, game_id, room_id, start_time, end_time, success) VALUES
  (401, 14, 14, 13, '2024-08-07 12:15:00', '2024-08-07 12:36:00', TRUE),
  (402, 101, 4, 6, '2024-08-10 20:15:00', '2024-08-10 20:47:00', TRUE),
  (403, 390, 8, 18, '2025-12-24 15:30:00', '2025-12-24 16:21:00', NULL),
  (404, 466, 2, 9, '2024-12-18 19:00:00', '2024-12-18 20:05:00', NULL),
  (405, 215, 6, 2, '2025-08-19 09:15:00', '2025-08-19 10:01:00', TRUE),
  (406, 498, 8, 3, '2024-11-04 12:00:00', '2024-11-04 12:50:00', FALSE),
  (407, 196, 4, 6, '2024-09-20 11:45:00', '2024-09-20 12:28:00', TRUE),
  (408, 341, 6, 2, '2025-01-09 16:45:00', '2025-01-09 17:43:00', FALSE),
  (409, 314, 10, 17, '2025-10-15 19:00:00', '2025-10-15 19:29:00', TRUE),
  (410, 679, 8, 3, '2025-02-02 09:00:00', '2025-02-02 10:09:00', TRUE),
  (411, 134, 12, 17, '2024-03-14 11:00:00', '2024-03-14 11:32:00', NULL),
  (412, 178, 8, 5, '2025-11-22 19:45:00', '2025-11-22 20:52:00', NULL),
  (413, 331, 15, 20, '2025-09-08 18:30:00', '2025-09-08 19:57:00', TRUE),
  (414, 745, 3, 8, '2025-01-26 11:30:00', '2025-01-26 12:22:00', FALSE),
  (415, 80, 6, 2, '2025-05-18 20:15:00', '2025-05-18 21:02:00', TRUE),
  (416, 456, 13, 10, '2025-03-17 15:15:00', '2025-03-17 16:43:00', TRUE),
  (417, 723, 2, 19, '2025-12-02 16:30:00', '2025-12-02 17:40:00', FALSE),
  (418, 448, 8, 5, '2025-04-21 11:00:00', '2025-04-21 12:15:00', FALSE),
  (419, 244, 4, 6, '2024-03-02 12:30:00', '2024-03-02 12:53:00', TRUE),
  (420, 661, 7, 11, '2025-07-21 14:30:00', '2025-07-21 14:50:00', TRUE),
  (421, 330, 7, 15, '2025-03-20 11:00:00', '2025-03-20 11:22:00', TRUE),
  (422, 573, 12, 20, '2024-01-13 09:30:00', '2024-01-13 09:56:00', TRUE),
  (423, 634, 13, 10, '2025-09-05 12:30:00', '2025-09-05 13:37:00', TRUE),
  (424, 676, 7, 15, '2024-02-02 09:00:00', '2024-02-02 09:30:00', TRUE),
  (425, 650, 11, 16, '2024-07-08 09:30:00', '2024-07-08 10:44:00', NULL),
  (426, 479, 5, 4, '2025-05-28 15:15:00', '2025-05-28 16:45:00', FALSE),
  (427, 252, 6, 2, '2024-06-14 11:00:00', '2024-06-14 11:45:00', FALSE),
  (428, 398, 1, 17, '2025-09-06 10:15:00', '2025-09-06 11:35:00', FALSE),
  (429, 482, 8, 5, '2024-10-13 18:00:00', '2024-10-13 18:59:00', TRUE),
  (430, 500, 11, 16, '2025-01-26 19:45:00', '2025-01-26 20:37:00', TRUE),
  (431, 639, 10, 7, '2025-07-26 12:15:00', '2025-07-26 12:59:00', TRUE),
  (432, 427, 8, 18, '2025-01-15 17:30:00', '2025-01-15 18:34:00', TRUE),
  (433, 717, 8, 5, '2024-10-08 13:30:00', '2024-10-08 14:39:00', FALSE),
  (434, 399, 14, 13, '2025-07-24 20:45:00', '2025-07-24 21:12:00', TRUE),
  (435, 381, 15, 1, '2024-02-13 11:45:00', '2024-02-13 12:53:00', TRUE),
  (436, 485, 8, 3, '2025-04-25 13:00:00', '2025-04-25 14:05:00', TRUE),
  (437, 384, 8, 5, '2024-10-19 14:15:00', '2024-10-19 15:14:00', TRUE),
  (438, 334, 13, 10, '2025-04-01 13:30:00', '2025-04-01 14:46:00', TRUE),
  (439, 781, 6, 2, '2025-06-09 11:45:00', '2025-06-09 12:28:00', FALSE),
  (440, 395, 1, 9, '2024-07-26 16:15:00', '2024-07-26 17:38:00', FALSE),
  (441, 278, 5, 4, '2025-03-06 14:30:00', '2025-03-06 16:02:00', FALSE),
  (442, 640, 9, 12, '2025-12-30 16:30:00', '2025-12-30 17:51:00', FALSE),
  (443, 552, 4, 6, '2025-06-03 10:45:00', '2025-06-03 11:21:00', FALSE),
  (444, 94, 8, 5, '2025-04-06 19:00:00', '2025-04-06 20:09:00', TRUE),
  (445, 377, 8, 18, '2025-09-23 12:00:00', '2025-09-23 12:54:00', TRUE),
  (446, 323, 9, 12, '2025-07-20 15:15:00', '2025-07-20 16:38:00', FALSE),
  (447, 176, 3, 8, '2024-06-02 12:45:00', '2024-06-02 13:49:00', TRUE),
  (448, 510, 10, 17, '2025-10-25 16:45:00', '2025-10-25 17:25:00', FALSE),
  (449, 7, 13, 10, '2024-05-18 10:15:00', '2024-05-18 11:43:00', TRUE),
  (450, 218, 5, 4, '2025-06-09 15:15:00', '2025-06-09 16:47:00', FALSE),
  (451, 758, 9, 12, '2024-09-27 14:30:00', '2024-09-27 15:54:00', FALSE),
  (452, 459, 2, 9, '2025-07-22 20:45:00', '2025-07-22 21:38:00', FALSE),
  (453, 695, 12, 15, '2025-10-01 09:15:00', '2025-10-01 09:50:00', TRUE),
  (454, 620, 15, 1, '2024-03-08 14:00:00', '2024-03-08 15:24:00', FALSE),
  (455, 541, 6, 2, '2024-05-20 14:45:00', '2024-05-20 15:35:00', TRUE),
  (456, 342, 3, 8, '2024-11-08 12:00:00', '2024-11-08 13:14:00', FALSE),
  (457, 428, 13, 10, '2025-01-18 13:15:00', '2025-01-18 14:22:00', TRUE),
  (458, 681, 1, 3, '2025-06-02 13:45:00', '2025-06-02 15:07:00', FALSE),
  (459, 549, 3, 8, '2025-09-02 15:15:00', '2025-09-02 16:26:00', FALSE),
  (460, 796, 7, 11, '2025-11-22 09:00:00', '2025-11-22 09:33:00', NULL),
  (461, 704, 11, 16, '2024-03-06 13:15:00', '2024-03-06 14:11:00', FALSE),
  (462, 186, 12, 14, '2024-06-20 16:45:00', '2024-06-20 17:22:00', TRUE),
  (463, 319, 15, 20, '2025-07-17 14:45:00', '2025-07-17 15:50:00', TRUE),
  (464, 671, 12, 3, '2024-04-11 20:15:00', '2024-04-11 20:45:00', FALSE),
  (465, 572, 14, 13, '2025-12-14 11:45:00', '2025-12-14 12:09:00', NULL),
  (466, 767, 13, 10, '2024-09-09 14:00:00', '2024-09-09 15:30:00', FALSE),
  (467, 698, 7, 15, '2024-11-03 17:00:00', '2024-11-03 17:34:00', TRUE),
  (468, 752, 11, 16, '2025-09-12 19:00:00', '2025-09-12 19:51:00', NULL),
  (469, 36, 6, 2, '2024-07-24 20:15:00', '2024-07-24 21:03:00', TRUE),
  (470, 739, 11, 16, '2025-09-18 12:30:00', '2025-09-18 13:26:00', TRUE),
  (471, 559, 4, 6, '2024-11-29 14:30:00', '2024-11-29 14:50:00', FALSE),
  (472, 96, 12, 10, '2024-06-30 17:00:00', '2024-06-30 17:42:00', FALSE),
  (473, 394, 5, 4, '2024-11-11 15:45:00', '2024-11-11 17:16:00', FALSE),
  (474, 570, 15, 20, '2024-06-01 17:30:00', '2024-06-01 18:38:00', TRUE),
  (475, 408, 10, 17, '2024-04-21 15:30:00', '2024-04-21 15:55:00', TRUE),
  (476, 701, 5, 4, '2025-04-23 15:30:00', '2025-04-23 17:11:00', FALSE),
  (477, 468, 1, 10, '2024-02-24 20:00:00', '2024-02-24 21:22:00', TRUE),
  (478, 246, 6, 2, '2024-09-20 19:00:00', '2024-09-20 19:54:00', FALSE),
  (479, 38, 6, 2, '2024-06-30 16:00:00', '2024-06-30 16:55:00', NULL),
  (480, 269, 13, 10, '2024-08-24 17:00:00', '2024-08-24 18:26:00', FALSE),
  (481, 104, 10, 17, '2025-05-06 12:15:00', '2025-05-06 12:59:00', FALSE),
  (482, 477, 14, 14, '2025-07-19 10:15:00', '2025-07-19 10:50:00', TRUE),
  (483, 250, 14, 14, '2024-05-28 16:45:00', '2024-05-28 17:25:00', FALSE),
  (484, 199, 5, 4, '2024-09-16 14:15:00', '2024-09-16 15:51:00', FALSE),
  (485, 213, 11, 16, '2024-12-27 19:30:00', '2024-12-27 20:29:00', FALSE),
  (486, 51, 11, 16, '2024-02-19 09:45:00', '2024-02-19 10:36:00', TRUE),
  (487, 42, 15, 1, '2024-01-15 11:30:00', '2024-01-15 12:51:00', FALSE),
  (488, 797, 14, 14, '2024-04-24 11:45:00', '2024-04-24 12:12:00', FALSE),
  (489, 603, 8, 3, '2025-01-16 18:45:00', '2025-01-16 19:36:00', FALSE),
  (490, 496, 4, 6, '2024-06-20 19:45:00', '2024-06-20 20:28:00', TRUE),
  (491, 700, 11, 16, '2024-01-20 14:15:00', '2024-01-20 15:18:00', TRUE),
  (492, 8, 14, 13, '2024-07-24 20:15:00', '2024-07-24 20:51:00', TRUE),
  (493, 476, 15, 20, '2025-09-10 19:30:00', '2025-09-10 20:52:00', TRUE),
  (494, 93, 15, 20, '2024-02-17 12:00:00', '2024-02-17 13:07:00', TRUE),
  (495, 275, 4, 6, '2025-05-18 09:15:00', '2025-05-18 09:35:00', NULL),
  (496, 18, 11, 16, '2025-12-27 18:45:00', '2025-12-27 19:35:00', NULL),
  (497, 722, 9, 12, '2024-09-16 16:30:00', '2024-09-16 17:40:00', TRUE),
  (498, 229, 14, 13, '2024-02-13 13:15:00', '2024-02-13 13:52:00', TRUE),
  (499, 633, 9, 12, '2024-03-19 13:00:00', '2024-03-19 14:13:00', TRUE),
  (500, 490, 5, 4, '2024-10-11 19:00:00', '2024-10-11 20:40:00', TRUE);

INSERT INTO game_sessions (session_id, booking_id, game_id, room_id, start_time, end_time, success) VALUES
  (501, 682, 11, 16, '2025-09-23 16:00:00', '2025-09-23 16:53:00', TRUE),
  (502, 527, 4, 6, '2025-11-07 13:15:00', '2025-11-07 13:37:00', TRUE),
  (503, 588, 14, 14, '2025-11-25 14:15:00', '2025-11-25 14:47:00', TRUE),
  (504, 285, 12, 16, '2024-02-13 09:45:00', '2024-02-13 10:07:00', FALSE),
  (505, 743, 14, 13, '2025-04-09 12:45:00', '2025-04-09 13:17:00', FALSE),
  (506, 254, 12, 15, '2025-01-06 11:15:00', '2025-01-06 11:44:00', TRUE),
  (507, 568, 14, 13, '2025-04-29 19:00:00', '2025-04-29 19:23:00', FALSE),
  (508, 256, 4, 6, '2024-03-22 16:00:00', '2024-03-22 16:25:00', FALSE),
  (509, 266, 5, 4, '2025-02-26 12:00:00', '2025-02-26 13:37:00', TRUE),
  (510, 494, 3, 8, '2024-03-27 12:30:00', '2024-03-27 13:23:00', TRUE),
  (511, 89, 14, 13, '2024-12-29 14:15:00', '2024-12-29 14:42:00', TRUE),
  (512, 284, 11, 16, '2025-02-02 13:30:00', '2025-02-02 14:35:00', TRUE),
  (513, 520, 10, 7, '2025-02-04 14:30:00', '2025-02-04 15:04:00', FALSE),
  (514, 192, 9, 12, '2025-03-17 17:45:00', '2025-03-17 18:56:00', FALSE),
  (515, 765, 14, 13, '2025-06-04 12:30:00', '2025-06-04 13:02:00', TRUE),
  (516, 445, 13, 10, '2025-11-17 11:15:00', '2025-11-17 12:43:00', NULL),
  (517, 511, 8, 5, '2024-10-28 15:45:00', '2024-10-28 16:48:00', FALSE),
  (518, 460, 10, 17, '2024-03-12 18:00:00', '2024-03-12 18:39:00', FALSE),
  (519, 326, 15, 20, '2025-08-05 12:30:00', '2025-08-05 13:46:00', TRUE),
  (520, 108, 13, 10, '2024-07-27 11:00:00', '2024-07-27 12:21:00', NULL),
  (521, 216, 8, 5, '2024-07-18 18:45:00', '2024-07-18 19:44:00', FALSE),
  (522, 626, 3, 8, '2025-03-03 09:00:00', '2025-03-03 09:55:00', FALSE),
  (523, 353, 1, 14, '2024-04-20 11:30:00', '2024-04-20 12:57:00', TRUE),
  (524, 419, 11, 16, '2024-02-06 19:30:00', '2024-02-06 20:31:00', TRUE),
  (525, 586, 7, 15, '2025-11-27 10:00:00', '2025-11-27 10:30:00', NULL),
  (526, 302, 9, 12, '2024-07-13 20:30:00', '2024-07-13 21:41:00', FALSE),
  (527, 9, 12, 19, '2025-01-04 14:15:00', '2025-01-04 14:52:00', TRUE),
  (528, 708, 5, 4, '2024-06-12 13:15:00', '2024-06-12 14:51:00', NULL),
  (529, 544, 2, 9, '2024-05-16 10:30:00', '2024-05-16 11:42:00', TRUE),
  (530, 789, 14, 14, '2024-07-05 19:45:00', '2024-07-05 20:15:00', NULL),
  (531, 153, 3, 8, '2025-08-21 12:15:00', '2025-08-21 13:06:00', FALSE),
  (532, 173, 15, 20, '2025-01-20 09:30:00', '2025-01-20 10:48:00', TRUE),
  (533, 412, 4, 6, '2025-09-16 16:15:00', '2025-09-16 16:54:00', FALSE),
  (534, 449, 15, 20, '2024-09-21 12:00:00', '2024-09-21 13:14:00', TRUE),
  (535, 194, 10, 7, '2025-12-14 16:30:00', '2025-12-14 16:54:00', NULL),
  (536, 126, 15, 20, '2025-09-20 09:00:00', '2025-09-20 10:15:00', TRUE),
  (537, 615, 7, 11, '2025-01-13 16:00:00', '2025-01-13 16:45:00', NULL),
  (538, 627, 13, 10, '2024-05-02 20:30:00', '2024-05-02 21:43:00', FALSE),
  (539, 548, 7, 15, '2025-04-06 15:00:00', '2025-04-06 15:37:00', FALSE),
  (540, 362, 14, 14, '2025-09-19 18:00:00', '2025-09-19 18:32:00', FALSE),
  (541, 713, 4, 6, '2024-05-23 16:00:00', '2024-05-23 16:31:00', TRUE),
  (542, 447, 2, 9, '2025-04-24 12:00:00', '2025-04-24 12:50:00', TRUE),
  (543, 255, 12, 4, '2024-05-08 14:45:00', '2024-05-08 15:12:00', TRUE),
  (544, 148, 11, 16, '2024-07-04 12:30:00', '2024-07-04 13:37:00', TRUE),
  (545, 211, 4, 6, '2025-12-16 13:00:00', '2025-12-16 13:23:00', NULL),
  (546, 132, 14, 13, '2024-08-06 13:00:00', '2024-08-06 13:28:00', FALSE),
  (547, 732, 13, 10, '2025-03-30 13:15:00', '2025-03-30 14:24:00', NULL),
  (548, 50, 7, 15, '2024-02-08 10:15:00', '2024-02-08 10:45:00', TRUE),
  (549, 129, 8, 18, '2025-06-04 15:45:00', '2025-06-04 16:56:00', NULL),
  (550, 133, 15, 1, '2025-12-20 17:15:00', '2025-12-20 18:38:00', FALSE),
  (551, 139, 1, 16, '2025-08-22 13:30:00', '2025-08-22 15:14:00', FALSE),
  (552, 566, 10, 7, '2025-10-15 10:30:00', '2025-10-15 11:14:00', FALSE),
  (553, 735, 8, 18, '2024-11-23 10:30:00', '2024-11-23 11:37:00', TRUE),
  (554, 60, 15, 1, '2024-04-01 20:00:00', '2024-04-01 21:07:00', FALSE),
  (555, 131, 9, 12, '2025-07-04 12:00:00', '2025-07-04 13:26:00', TRUE),
  (556, 637, 5, 4, '2025-06-14 15:15:00', '2025-06-14 16:50:00', TRUE),
  (557, 191, 9, 12, '2025-09-09 12:30:00', '2025-09-09 13:59:00', FALSE),
  (558, 327, 3, 8, '2025-05-09 19:15:00', '2025-05-09 20:21:00', TRUE),
  (559, 55, 3, 8, '2025-12-18 12:30:00', '2025-12-18 13:32:00', FALSE),
  (560, 433, 1, 20, '2024-04-28 17:15:00', '2024-04-28 18:59:00', FALSE),
  (561, 418, 6, 2, '2024-07-17 10:30:00', '2024-07-17 11:18:00', TRUE),
  (562, 317, 6, 2, '2025-07-17 18:00:00', '2025-07-17 18:39:00', FALSE),
  (563, 601, 6, 2, '2024-02-12 20:00:00', '2024-02-12 20:42:00', TRUE),
  (564, 279, 6, 2, '2024-02-02 11:30:00', '2024-02-02 12:05:00', FALSE),
  (565, 151, 4, 6, '2025-11-02 14:30:00', '2025-11-02 14:53:00', NULL),
  (566, 283, 12, 18, '2025-04-16 10:30:00', '2025-04-16 11:03:00', TRUE),
  (567, 142, 13, 10, '2025-02-04 15:45:00', '2025-02-04 17:06:00', FALSE),
  (568, 533, 9, 12, '2025-11-14 16:30:00', '2025-11-14 17:46:00', TRUE),
  (569, 415, 1, 2, '2024-08-05 19:45:00', '2024-08-05 21:28:00', FALSE),
  (570, 750, 7, 11, '2025-12-31 13:15:00', '2025-12-31 13:47:00', TRUE),
  (571, 39, 10, 17, '2024-06-21 17:45:00', '2024-06-21 18:21:00', FALSE),
  (572, 623, 8, 3, '2025-07-21 19:00:00', '2025-07-21 20:10:00', TRUE),
  (573, 220, 8, 3, '2025-11-28 12:00:00', '2025-11-28 12:51:00', NULL),
  (574, 200, 13, 10, '2025-02-10 18:30:00', '2025-02-10 19:42:00', TRUE),
  (575, 435, 12, 18, '2025-11-05 10:30:00', '2025-11-05 10:57:00', NULL),
  (576, 320, 1, 20, '2025-02-10 20:45:00', '2025-02-10 22:17:00', NULL),
  (577, 438, 10, 17, '2024-01-16 10:15:00', '2024-01-16 10:58:00', FALSE),
  (578, 22, 8, 5, '2024-04-20 12:15:00', '2024-04-20 13:30:00', TRUE),
  (579, 57, 4, 6, '2025-09-15 19:30:00', '2025-09-15 20:12:00', FALSE),
  (580, 694, 1, 1, '2024-09-28 10:15:00', '2024-09-28 11:51:00', FALSE),
  (581, 260, 9, 12, '2024-05-14 20:15:00', '2024-05-14 21:25:00', NULL),
  (582, 291, 1, 11, '2025-10-02 19:00:00', '2025-10-02 20:25:00', TRUE),
  (583, 374, 3, 8, '2024-05-20 16:15:00', '2024-05-20 17:05:00', FALSE),
  (584, 608, 6, 2, '2025-03-28 14:00:00', '2025-03-28 14:40:00', FALSE),
  (585, 780, 10, 7, '2025-01-12 11:00:00', '2025-01-12 11:39:00', FALSE),
  (586, 128, 15, 20, '2024-01-26 18:00:00', '2024-01-26 19:20:00', TRUE),
  (587, 606, 11, 16, '2024-12-05 10:00:00', '2024-12-05 10:50:00', FALSE),
  (588, 197, 2, 9, '2025-06-19 17:15:00', '2025-06-19 18:29:00', NULL),
  (589, 249, 15, 1, '2025-04-02 10:00:00', '2025-04-02 11:14:00', FALSE),
  (590, 219, 13, 10, '2025-05-10 16:30:00', '2025-05-10 17:52:00', FALSE),
  (591, 164, 6, 2, '2025-02-10 13:30:00', '2025-02-10 14:19:00', TRUE),
  (592, 596, 8, 5, '2024-11-30 13:30:00', '2024-11-30 14:36:00', FALSE),
  (593, 109, 14, 13, '2025-09-22 13:00:00', '2025-09-22 13:24:00', FALSE),
  (594, 348, 9, 12, '2025-07-13 19:15:00', '2025-07-13 20:31:00', FALSE),
  (595, 257, 1, 1, '2025-07-15 12:45:00', '2025-07-15 14:16:00', TRUE),
  (596, 740, 12, 3, '2024-09-25 12:45:00', '2024-09-25 13:25:00', NULL),
  (597, 584, 11, 16, '2024-04-26 13:45:00', '2024-04-26 14:51:00', TRUE),
  (598, 444, 6, 2, '2025-09-23 19:30:00', '2025-09-23 20:15:00', FALSE),
  (599, 513, 7, 15, '2024-03-04 13:30:00', '2024-03-04 13:56:00', TRUE),
  (600, 481, 2, 19, '2025-12-08 18:00:00', '2025-12-08 19:03:00', FALSE);

INSERT INTO game_sessions (session_id, booking_id, game_id, room_id, start_time, end_time, success) VALUES
  (601, 363, 7, 15, '2024-06-05 13:00:00', '2024-06-05 13:20:00', FALSE),
  (602, 166, 10, 7, '2024-07-02 16:15:00', '2024-07-02 16:51:00', FALSE),
  (603, 577, 11, 16, '2025-12-21 13:45:00', '2025-12-21 14:44:00', TRUE),
  (604, 417, 7, 15, '2024-12-15 09:45:00', '2024-12-15 10:06:00', TRUE),
  (605, 727, 5, 4, '2024-02-04 18:00:00', '2024-02-04 19:21:00', FALSE),
  (606, 273, 7, 15, '2024-10-02 09:45:00', '2024-10-02 10:16:00', TRUE),
  (607, 628, 10, 7, '2025-01-05 13:15:00', '2025-01-05 13:46:00', FALSE),
  (608, 761, 5, 4, '2025-04-26 10:30:00', '2025-04-26 11:54:00', TRUE),
  (609, 543, 9, 12, '2025-01-13 18:00:00', '2025-01-13 19:14:00', TRUE),
  (610, 422, 9, 12, '2025-07-22 16:30:00', '2025-07-22 17:42:00', FALSE),
  (611, 578, 9, 12, '2024-12-06 15:00:00', '2024-12-06 16:13:00', FALSE),
  (612, 240, 9, 12, '2024-08-29 11:45:00', '2024-08-29 13:11:00', FALSE),
  (613, 356, 15, 1, '2025-07-28 19:15:00', '2025-07-28 20:28:00', NULL),
  (614, 204, 13, 10, '2024-12-12 15:15:00', '2024-12-12 16:29:00', FALSE),
  (615, 26, 7, 11, '2025-02-18 13:45:00', '2025-02-18 14:22:00', TRUE),
  (616, 540, 7, 15, '2025-11-25 15:00:00', '2025-11-25 15:24:00', NULL),
  (617, 556, 1, 17, '2025-04-09 16:30:00', '2025-04-09 18:06:00', FALSE),
  (618, 425, 14, 14, '2024-04-29 14:45:00', '2024-04-29 15:19:00', FALSE),
  (619, 609, 9, 12, '2025-11-25 16:00:00', '2025-11-25 17:22:00', NULL),
  (620, 147, 3, 8, '2024-06-13 15:00:00', '2024-06-13 16:14:00', TRUE),
  (621, 585, 4, 6, '2025-12-20 12:30:00', '2025-12-20 12:54:00', NULL),
  (622, 514, 8, 18, '2024-07-01 17:30:00', '2024-07-01 18:21:00', FALSE),
  (623, 328, 10, 7, '2024-04-07 15:00:00', '2024-04-07 15:34:00', FALSE),
  (624, 81, 9, 12, '2024-08-16 10:00:00', '2024-08-16 11:13:00', TRUE),
  (625, 689, 12, 11, '2024-01-21 18:00:00', '2024-01-21 18:29:00', FALSE),
  (626, 388, 10, 17, '2025-04-09 09:00:00', '2025-04-09 09:43:00', TRUE),
  (627, 716, 15, 1, '2024-08-29 17:15:00', '2024-08-29 18:37:00', FALSE),
  (628, 521, 7, 11, '2025-05-04 12:15:00', '2025-05-04 12:44:00', FALSE),
  (629, 24, 13, 10, '2024-02-28 16:15:00', '2024-02-28 17:23:00', TRUE),
  (630, 656, 3, 8, '2024-04-19 11:00:00', '2024-04-19 12:06:00', TRUE),
  (631, 77, 8, 3, '2024-09-11 12:00:00', '2024-09-11 13:05:00', TRUE),
  (632, 288, 2, 19, '2025-08-21 15:00:00', '2025-08-21 15:53:00', FALSE),
  (633, 768, 11, 16, '2024-10-18 16:15:00', '2024-10-18 17:12:00', FALSE),
  (634, 755, 3, 8, '2025-04-24 19:00:00', '2025-04-24 20:03:00', TRUE),
  (635, 731, 1, 1, '2025-12-12 11:15:00', '2025-12-12 12:58:00', NULL),
  (636, 635, 13, 10, '2025-12-02 11:15:00', '2025-12-02 12:35:00', NULL),
  (637, 600, 15, 20, '2025-12-10 13:30:00', '2025-12-10 14:56:00', TRUE),
  (638, 493, 8, 18, '2024-08-29 16:30:00', '2024-08-29 17:41:00', FALSE),
  (639, 602, 12, 13, '2025-07-29 15:00:00', '2025-07-29 15:34:00', FALSE),
  (640, 44, 3, 8, '2024-11-15 11:00:00', '2024-11-15 11:59:00', FALSE),
  (641, 360, 9, 12, '2024-01-31 18:45:00', '2024-01-31 19:50:00', FALSE),
  (642, 690, 7, 11, '2025-08-07 19:45:00', '2025-08-07 20:06:00', FALSE),
  (643, 737, 3, 8, '2025-01-11 16:45:00', '2025-01-11 17:43:00', TRUE),
  (644, 718, 6, 2, '2025-06-30 14:15:00', '2025-06-30 15:01:00', FALSE),
  (645, 611, 10, 7, '2024-07-18 11:15:00', '2024-07-18 11:46:00', FALSE),
  (646, 512, 12, 15, '2025-03-13 20:15:00', '2025-03-13 20:43:00', FALSE),
  (647, 535, 11, 16, '2025-05-15 10:45:00', '2025-05-15 11:47:00', FALSE),
  (648, 778, 9, 12, '2025-01-11 18:30:00', '2025-01-11 19:39:00', FALSE),
  (649, 130, 9, 12, '2024-11-24 18:45:00', '2024-11-24 19:52:00', TRUE),
  (650, 11, 8, 3, '2025-08-31 20:15:00', '2025-08-31 21:12:00', TRUE),
  (651, 411, 9, 12, '2025-05-23 16:45:00', '2025-05-23 18:00:00', TRUE),
  (652, 62, 11, 16, '2024-09-19 10:15:00', '2024-09-19 11:28:00', FALSE),
  (653, 483, 11, 16, '2025-04-28 10:00:00', '2025-04-28 11:09:00', FALSE),
  (654, 707, 8, 3, '2025-04-20 09:00:00', '2025-04-20 10:04:00', FALSE),
  (655, 364, 4, 6, '2024-05-14 11:30:00', '2024-05-14 11:53:00', FALSE),
  (656, 251, 10, 17, '2025-10-08 11:15:00', '2025-10-08 11:41:00', FALSE),
  (657, 299, 8, 5, '2025-01-10 16:30:00', '2025-01-10 17:27:00', TRUE),
  (658, 725, 15, 1, '2024-04-02 15:15:00', '2024-04-02 16:22:00', TRUE),
  (659, 557, 13, 10, '2024-06-10 12:00:00', '2024-06-10 13:30:00', TRUE),
  (660, 25, 11, 16, '2024-01-27 14:45:00', '2024-01-27 15:53:00', TRUE),
  (661, 580, 15, 20, '2025-09-27 11:45:00', '2025-09-27 12:56:00', TRUE),
  (662, 598, 3, 8, '2024-02-18 17:30:00', '2024-02-18 18:31:00', TRUE),
  (663, 551, 2, 9, '2025-06-26 16:45:00', '2025-06-26 17:55:00', FALSE),
  (664, 193, 4, 6, '2025-03-15 18:00:00', '2025-03-15 18:24:00', FALSE);

-- session_employees (910 rows)
INSERT INTO session_employees (session_id, employee_id) VALUES
  (1, 24),
  (2, 29),
  (3, 3),
  (4, 16),
  (5, 14),
  (5, 13),
  (6, 6),
  (6, 28),
  (7, 16),
  (7, 3),
  (8, 13),
  (9, 29),
  (9, 17),
  (10, 29),
  (11, 9),
  (12, 14),
  (13, 4),
  (13, 11),
  (14, 12),
  (15, 4),
  (16, 26),
  (17, 17),
  (17, 30),
  (18, 4),
  (18, 8),
  (19, 27),
  (20, 4),
  (20, 12),
  (21, 22),
  (21, 20),
  (22, 6),
  (22, 29),
  (23, 10),
  (24, 4),
  (25, 24),
  (26, 30),
  (27, 24),
  (28, 13),
  (29, 4),
  (30, 12),
  (31, 21),
  (32, 3),
  (32, 18),
  (33, 21),
  (34, 10),
  (34, 14),
  (35, 26),
  (35, 5),
  (36, 9),
  (37, 20),
  (37, 12),
  (38, 22),
  (39, 13),
  (39, 8),
  (40, 3),
  (41, 26),
  (42, 3),
  (43, 13),
  (43, 27),
  (44, 4),
  (45, 11),
  (46, 17),
  (47, 30),
  (48, 16),
  (48, 5),
  (49, 24),
  (49, 22),
  (50, 6),
  (51, 26),
  (52, 20),
  (53, 13),
  (53, 15),
  (54, 20),
  (54, 25),
  (55, 30),
  (56, 14),
  (57, 26),
  (58, 4),
  (59, 22),
  (60, 29),
  (60, 16),
  (61, 12),
  (62, 25),
  (62, 8),
  (63, 26),
  (64, 20),
  (65, 10),
  (65, 2),
  (66, 23),
  (66, 21),
  (67, 9),
  (67, 1),
  (68, 4),
  (69, 27),
  (70, 6),
  (71, 29),
  (72, 3),
  (73, 21),
  (73, 15),
  (74, 12);

INSERT INTO session_employees (session_id, employee_id) VALUES
  (75, 22),
  (76, 16),
  (77, 20),
  (78, 29),
  (78, 25),
  (79, 14),
  (79, 26),
  (80, 12),
  (80, 25),
  (81, 29),
  (82, 22),
  (83, 4),
  (83, 26),
  (84, 21),
  (85, 16),
  (85, 28),
  (86, 26),
  (86, 15),
  (87, 27),
  (88, 14),
  (88, 6),
  (89, 23),
  (89, 24),
  (90, 13),
  (90, 5),
  (91, 14),
  (91, 26),
  (92, 14),
  (92, 3),
  (93, 26),
  (93, 10),
  (94, 21),
  (95, 14),
  (96, 14),
  (97, 29),
  (97, 1),
  (98, 27),
  (99, 14),
  (99, 28),
  (100, 23),
  (101, 3),
  (102, 20),
  (103, 26),
  (104, 4),
  (105, 6),
  (106, 29),
  (107, 6),
  (108, 14),
  (109, 14),
  (109, 9),
  (110, 10),
  (110, 8),
  (111, 10),
  (111, 28),
  (112, 4),
  (112, 8),
  (113, 4),
  (114, 25),
  (115, 27),
  (115, 11),
  (116, 13),
  (117, 14),
  (118, 3),
  (118, 22),
  (119, 20),
  (119, 18),
  (120, 29),
  (120, 8),
  (121, 6),
  (122, 9),
  (123, 13),
  (124, 27),
  (125, 22),
  (126, 22),
  (127, 10),
  (127, 1),
  (128, 20),
  (129, 22),
  (130, 20),
  (130, 16),
  (131, 16),
  (131, 20),
  (132, 20),
  (133, 10),
  (134, 3),
  (134, 4),
  (135, 17),
  (136, 25),
  (136, 26),
  (137, 20),
  (138, 21),
  (138, 27),
  (139, 10),
  (140, 30),
  (141, 6),
  (142, 13),
  (142, 19),
  (143, 27),
  (144, 22),
  (144, 18);

INSERT INTO session_employees (session_id, employee_id) VALUES
  (145, 25),
  (145, 26),
  (146, 24),
  (147, 25),
  (147, 15),
  (148, 12),
  (149, 16),
  (149, 30),
  (150, 13),
  (151, 20),
  (151, 8),
  (152, 9),
  (153, 23),
  (153, 24),
  (154, 22),
  (154, 12),
  (155, 26),
  (156, 20),
  (157, 29),
  (157, 8),
  (158, 22),
  (159, 10),
  (160, 13),
  (160, 25),
  (161, 27),
  (161, 22),
  (162, 14),
  (163, 17),
  (163, 11),
  (164, 22),
  (165, 10),
  (166, 30),
  (167, 12),
  (167, 29),
  (168, 23),
  (169, 9),
  (170, 26),
  (171, 24),
  (172, 4),
  (173, 3),
  (173, 23),
  (174, 6),
  (175, 25),
  (176, 22),
  (176, 12),
  (177, 26),
  (178, 16),
  (179, 17),
  (180, 29),
  (181, 4),
  (182, 20),
  (183, 22),
  (183, 21),
  (184, 22),
  (185, 24),
  (186, 11),
  (186, 24),
  (187, 25),
  (187, 3),
  (188, 3),
  (189, 20),
  (190, 23),
  (190, 13),
  (191, 11),
  (192, 27),
  (193, 9),
  (194, 24),
  (195, 27),
  (196, 25),
  (197, 22),
  (198, 21),
  (199, 11),
  (200, 4),
  (200, 27),
  (201, 12),
  (201, 14),
  (202, 27),
  (203, 17),
  (203, 4),
  (204, 11),
  (205, 14),
  (206, 13),
  (207, 16),
  (207, 30),
  (208, 29),
  (209, 13),
  (209, 22),
  (210, 9),
  (211, 25),
  (212, 3),
  (212, 20),
  (213, 26),
  (213, 18),
  (214, 3),
  (214, 16),
  (215, 3),
  (215, 12),
  (216, 27),
  (217, 23),
  (218, 23);

INSERT INTO session_employees (session_id, employee_id) VALUES
  (219, 9),
  (220, 9),
  (220, 15),
  (221, 24),
  (221, 9),
  (222, 10),
  (223, 9),
  (223, 12),
  (224, 13),
  (224, 24),
  (225, 11),
  (226, 14),
  (227, 25),
  (228, 6),
  (228, 23),
  (229, 4),
  (229, 14),
  (230, 25),
  (231, 26),
  (232, 30),
  (232, 2),
  (233, 30),
  (233, 1),
  (234, 27),
  (235, 13),
  (236, 14),
  (236, 16),
  (237, 11),
  (238, 16),
  (238, 5),
  (239, 6),
  (240, 12),
  (240, 1),
  (241, 24),
  (242, 12),
  (243, 4),
  (243, 14),
  (244, 29),
  (244, 13),
  (245, 13),
  (245, 21),
  (246, 25),
  (247, 11),
  (247, 29),
  (248, 13),
  (249, 24),
  (249, 16),
  (250, 21),
  (250, 20),
  (251, 24),
  (252, 13),
  (253, 16),
  (254, 23),
  (255, 22),
  (256, 23),
  (257, 9),
  (257, 12),
  (258, 10),
  (258, 25),
  (259, 24),
  (259, 20),
  (260, 13),
  (261, 14),
  (262, 22),
  (263, 17),
  (264, 17),
  (265, 23),
  (266, 14),
  (267, 14),
  (267, 16),
  (268, 17),
  (268, 21),
  (269, 16),
  (269, 15),
  (270, 27),
  (271, 26),
  (271, 7),
  (272, 9),
  (272, 20),
  (273, 10),
  (273, 20),
  (274, 3),
  (275, 6),
  (275, 25),
  (276, 20),
  (276, 25),
  (277, 6),
  (277, 21),
  (278, 12),
  (279, 12),
  (280, 26),
  (280, 13),
  (281, 13),
  (281, 10),
  (282, 20),
  (282, 11),
  (283, 26),
  (284, 3),
  (284, 2),
  (285, 25);

INSERT INTO session_employees (session_id, employee_id) VALUES
  (285, 4),
  (286, 24),
  (287, 16),
  (288, 13),
  (289, 13),
  (289, 2),
  (290, 9),
  (291, 21),
  (292, 14),
  (293, 6),
  (293, 3),
  (294, 22),
  (295, 26),
  (296, 10),
  (296, 4),
  (297, 21),
  (297, 7),
  (298, 16),
  (298, 26),
  (299, 25),
  (300, 16),
  (300, 9),
  (301, 9),
  (302, 30),
  (303, 21),
  (304, 6),
  (305, 22),
  (306, 24),
  (307, 26),
  (308, 21),
  (309, 24),
  (310, 20),
  (310, 25),
  (311, 9),
  (312, 27),
  (313, 21),
  (313, 25),
  (314, 20),
  (315, 9),
  (316, 17),
  (316, 5),
  (317, 6),
  (317, 4),
  (318, 12),
  (319, 24),
  (319, 19),
  (320, 10),
  (321, 24),
  (322, 27),
  (323, 4),
  (323, 25),
  (324, 22),
  (325, 17),
  (326, 4),
  (326, 11),
  (327, 29),
  (327, 14),
  (328, 14),
  (328, 23),
  (329, 26),
  (330, 26),
  (330, 16),
  (331, 30),
  (332, 23),
  (333, 25),
  (333, 18),
  (334, 6),
  (334, 30),
  (335, 6),
  (336, 3),
  (337, 9),
  (338, 23),
  (339, 9),
  (339, 2),
  (340, 24),
  (340, 6),
  (341, 25),
  (341, 16),
  (342, 26),
  (343, 3),
  (344, 22),
  (345, 14),
  (345, 17),
  (346, 20),
  (347, 11),
  (348, 25),
  (349, 29),
  (349, 23),
  (350, 29),
  (351, 23),
  (352, 17),
  (353, 10),
  (353, 6),
  (354, 24),
  (355, 22),
  (356, 24),
  (357, 3),
  (358, 12),
  (359, 9),
  (360, 17);

INSERT INTO session_employees (session_id, employee_id) VALUES
  (361, 29),
  (362, 11),
  (363, 30),
  (364, 13),
  (365, 3),
  (366, 14),
  (366, 10),
  (367, 22),
  (367, 19),
  (368, 20),
  (369, 14),
  (369, 18),
  (370, 12),
  (371, 10),
  (372, 12),
  (373, 14),
  (374, 10),
  (375, 27),
  (375, 21),
  (376, 17),
  (376, 19),
  (377, 27),
  (377, 20),
  (378, 29),
  (379, 24),
  (379, 7),
  (380, 13),
  (381, 6),
  (381, 30),
  (382, 10),
  (382, 5),
  (383, 3),
  (384, 4),
  (385, 23),
  (386, 24),
  (387, 25),
  (388, 13),
  (388, 18),
  (389, 21),
  (390, 20),
  (390, 10),
  (391, 17),
  (392, 29),
  (393, 11),
  (393, 21),
  (394, 10),
  (394, 27),
  (395, 23),
  (396, 14),
  (397, 26),
  (397, 29),
  (398, 20),
  (399, 20),
  (400, 20),
  (400, 24),
  (401, 29),
  (402, 12),
  (403, 11),
  (404, 3),
  (404, 7),
  (405, 25),
  (406, 27),
  (407, 9),
  (408, 14),
  (408, 17),
  (409, 29),
  (409, 9),
  (410, 14),
  (411, 21),
  (411, 2),
  (412, 14),
  (412, 9),
  (413, 27),
  (414, 24),
  (415, 30),
  (415, 15),
  (416, 24),
  (417, 30),
  (417, 25),
  (418, 9),
  (419, 3),
  (420, 10),
  (420, 23),
  (421, 10),
  (421, 3),
  (422, 9),
  (423, 30),
  (424, 17),
  (424, 4),
  (425, 14),
  (425, 28),
  (426, 29),
  (427, 17),
  (427, 27),
  (428, 17),
  (428, 29),
  (429, 27),
  (429, 24),
  (430, 25),
  (430, 1);

INSERT INTO session_employees (session_id, employee_id) VALUES
  (431, 21),
  (431, 14),
  (432, 4),
  (432, 3),
  (433, 25),
  (434, 14),
  (435, 23),
  (436, 29),
  (437, 25),
  (438, 30),
  (439, 3),
  (439, 10),
  (440, 20),
  (441, 23),
  (442, 6),
  (443, 23),
  (444, 6),
  (445, 6),
  (446, 27),
  (447, 3),
  (447, 25),
  (448, 3),
  (449, 20),
  (450, 13),
  (451, 30),
  (452, 12),
  (452, 24),
  (453, 10),
  (454, 16),
  (455, 10),
  (456, 22),
  (457, 12),
  (458, 12),
  (459, 16),
  (460, 23),
  (461, 24),
  (462, 20),
  (463, 30),
  (464, 30),
  (465, 11),
  (465, 2),
  (466, 27),
  (466, 13),
  (467, 27),
  (468, 22),
  (469, 16),
  (470, 25),
  (471, 14),
  (472, 12),
  (473, 23),
  (474, 9),
  (475, 30),
  (476, 10),
  (477, 17),
  (478, 21),
  (479, 4),
  (479, 11),
  (480, 30),
  (480, 12),
  (481, 3),
  (481, 6),
  (482, 17),
  (483, 9),
  (484, 20),
  (485, 23),
  (486, 3),
  (487, 29),
  (488, 27),
  (489, 21),
  (489, 16),
  (490, 14),
  (490, 24),
  (491, 17),
  (492, 21),
  (493, 13),
  (494, 25),
  (494, 4),
  (495, 14),
  (496, 21),
  (496, 19),
  (497, 25),
  (498, 16),
  (499, 25),
  (499, 7),
  (500, 27),
  (500, 25),
  (501, 17),
  (502, 4),
  (502, 3),
  (503, 10),
  (504, 23),
  (504, 13),
  (505, 3),
  (506, 12),
  (506, 29),
  (507, 16),
  (508, 13),
  (509, 22),
  (509, 3),
  (510, 10);

INSERT INTO session_employees (session_id, employee_id) VALUES
  (510, 22),
  (511, 20),
  (512, 11),
  (513, 24),
  (514, 21),
  (515, 24),
  (515, 22),
  (516, 23),
  (517, 9),
  (517, 13),
  (518, 10),
  (519, 17),
  (520, 22),
  (520, 20),
  (521, 6),
  (522, 27),
  (523, 29),
  (524, 13),
  (525, 17),
  (526, 3),
  (527, 21),
  (527, 30),
  (528, 13),
  (529, 12),
  (530, 16),
  (531, 17),
  (532, 11),
  (533, 16),
  (534, 24),
  (535, 22),
  (536, 21),
  (537, 9),
  (537, 15),
  (538, 20),
  (538, 22),
  (539, 30),
  (539, 28),
  (540, 3),
  (541, 10),
  (542, 21),
  (543, 3),
  (543, 16),
  (544, 21),
  (544, 14),
  (545, 16),
  (545, 14),
  (546, 30),
  (547, 23),
  (548, 24),
  (549, 26),
  (549, 12),
  (550, 11),
  (551, 26),
  (551, 25),
  (552, 6),
  (553, 17),
  (554, 27),
  (554, 9),
  (555, 29),
  (556, 23),
  (556, 14),
  (557, 16),
  (558, 24),
  (559, 4),
  (560, 20),
  (560, 9),
  (561, 16),
  (562, 3),
  (562, 18),
  (563, 16),
  (564, 3),
  (565, 16),
  (566, 29),
  (566, 4),
  (567, 4),
  (568, 21),
  (569, 6),
  (570, 10),
  (571, 30),
  (571, 16),
  (572, 14),
  (573, 23),
  (574, 13),
  (574, 30),
  (575, 25),
  (575, 19),
  (576, 6),
  (577, 4),
  (578, 30),
  (579, 9),
  (579, 13),
  (580, 6),
  (581, 30),
  (582, 22),
  (582, 13),
  (583, 14),
  (584, 6),
  (584, 27),
  (585, 9),
  (585, 26);

INSERT INTO session_employees (session_id, employee_id) VALUES
  (586, 14),
  (587, 29),
  (587, 17),
  (588, 13),
  (589, 4),
  (589, 12),
  (590, 12),
  (591, 22),
  (591, 9),
  (592, 11),
  (592, 9),
  (593, 4),
  (594, 11),
  (594, 22),
  (595, 3),
  (596, 3),
  (597, 10),
  (597, 9),
  (598, 29),
  (599, 30),
  (599, 11),
  (600, 13),
  (601, 17),
  (602, 29),
  (603, 29),
  (604, 27),
  (604, 14),
  (605, 17),
  (605, 18),
  (606, 26),
  (607, 17),
  (608, 23),
  (609, 24),
  (610, 11),
  (611, 14),
  (611, 13),
  (612, 27),
  (613, 30),
  (613, 16),
  (614, 20),
  (615, 25),
  (616, 16),
  (617, 23),
  (617, 22),
  (618, 10),
  (619, 11),
  (619, 20),
  (620, 22),
  (621, 3),
  (622, 16),
  (622, 18),
  (623, 13),
  (624, 10),
  (624, 13),
  (625, 9),
  (625, 4),
  (626, 12),
  (627, 27),
  (627, 10),
  (628, 11),
  (629, 21),
  (629, 18),
  (630, 12),
  (631, 29),
  (632, 20),
  (633, 30),
  (633, 25),
  (634, 25),
  (634, 18),
  (635, 13),
  (636, 24),
  (636, 25),
  (637, 23),
  (638, 11),
  (639, 3),
  (640, 17),
  (641, 30),
  (641, 6),
  (642, 9),
  (642, 13),
  (643, 22),
  (644, 22),
  (644, 7),
  (645, 29),
  (645, 8),
  (646, 29),
  (647, 6),
  (648, 22),
  (649, 17),
  (649, 20),
  (650, 27),
  (651, 6),
  (651, 12),
  (652, 29),
  (653, 30),
  (653, 13),
  (654, 12),
  (655, 11),
  (655, 15),
  (656, 13);

INSERT INTO session_employees (session_id, employee_id) VALUES
  (657, 12),
  (658, 16),
  (659, 3),
  (660, 23),
  (661, 29),
  (662, 13),
  (663, 23),
  (663, 17),
  (664, 29),
  (664, 27);

-- clues (71 rows)
INSERT INTO clues (clue_id, game_id, clue_text, time_penalty) VALUES
  (1, 1, 'The clock hands point to the locker combination', 1),
  (2, 1, 'The key is inside the hollow statue', 3),
  (3, 1, 'The morse code on the wall spells the exit code', 0),
  (4, 1, 'Look behind the painting on the north wall', 5),
  (5, 1, 'Look behind the painting on the north wall', 5),
  (6, 2, 'Push the third brick from the left on the fireplace', 10),
  (7, 2, 'Connect the colored wires in rainbow order', 3),
  (8, 2, 'The clock hands point to the locker combination', 3),
  (9, 2, 'The combination is hidden in the book on the shelf', 10),
  (10, 2, 'Push the third brick from the left on the fireplace', 2),
  (11, 2, 'Arrange the chess pieces to match the painting', 5),
  (12, 3, 'The combination is hidden in the book on the shelf', 5),
  (13, 3, 'Lift the floorboard under the rocking chair', 5),
  (14, 3, 'Rotate the globe to South America for the next clue', 5),
  (15, 3, 'The morse code on the wall spells the exit code', 0),
  (16, 3, 'The answer is written backwards on the mirror', 3),
  (17, 3, 'The clock hands point to the locker combination', 5),
  (18, 4, 'Decode the message written in UV ink on the map', 10),
  (19, 4, 'Push the third brick from the left on the fireplace', 10),
  (20, 4, 'The clock hands point to the locker combination', 5),
  (21, 4, 'Lift the floorboard under the rocking chair', 0),
  (22, 5, 'Push the third brick from the left on the fireplace', 5),
  (23, 5, 'Arrange the chess pieces to match the painting', 5),
  (24, 5, 'Rotate the globe to South America for the next clue', 5),
  (25, 5, 'The answer is written backwards on the mirror', 3),
  (26, 5, 'Lift the floorboard under the rocking chair', 0),
  (27, 6, 'Check under the carpet near the door', 10),
  (28, 6, 'Decode the message written in UV ink on the map', 10),
  (29, 6, 'The clock hands point to the locker combination', 5),
  (30, 6, 'Lift the floorboard under the rocking chair', 10),
  (31, 7, 'The morse code on the wall spells the exit code', 1),
  (32, 7, 'The password is the year on the oldest photograph', 3),
  (33, 7, 'Rotate the globe to South America for the next clue', 2),
  (34, 7, 'Check under the carpet near the door', 1),
  (35, 8, 'The key is inside the hollow statue', 2),
  (36, 8, 'The combination is hidden in the book on the shelf', 2),
  (37, 8, 'Rotate the globe to South America for the next clue', 5),
  (38, 8, 'The combination is hidden in the book on the shelf', 3),
  (39, 8, 'Arrange the chess pieces to match the painting', 5),
  (40, 9, 'Lift the floorboard under the rocking chair', 1),
  (41, 9, 'Lift the floorboard under the rocking chair', 2),
  (42, 9, 'The password is the year on the oldest photograph', 2),
  (43, 9, 'The morse code on the wall spells the exit code', 3),
  (44, 9, 'The password is the year on the oldest photograph', 10),
  (45, 10, 'The morse code on the wall spells the exit code', 2),
  (46, 10, 'The final digit is the number of candles in the room', 2),
  (47, 10, 'The final digit is the number of candles in the room', 0),
  (48, 10, 'Lift the floorboard under the rocking chair', 1),
  (49, 10, 'Check under the carpet near the door', 5),
  (50, 11, 'Look behind the painting on the north wall', 1),
  (51, 11, 'Arrange the chess pieces to match the painting', 2),
  (52, 11, 'The final digit is the number of candles in the room', 2),
  (53, 11, 'The morse code on the wall spells the exit code', 2),
  (54, 11, 'Decode the message written in UV ink on the map', 5),
  (55, 12, 'The final digit is the number of candles in the room', 5),
  (56, 12, 'Decode the message written in UV ink on the map', 3),
  (57, 12, 'The morse code on the wall spells the exit code', 3),
  (58, 12, 'Rotate the globe to South America for the next clue', 2),
  (59, 13, 'The morse code on the wall spells the exit code', 10),
  (60, 13, 'The morse code on the wall spells the exit code', 1),
  (61, 13, 'Check under the carpet near the door', 5),
  (62, 13, 'Decode the message written in UV ink on the map', 10),
  (63, 14, 'Decode the message written in UV ink on the map', 5),
  (64, 14, 'The key is inside the hollow statue', 0),
  (65, 14, 'The clock hands point to the locker combination', 1),
  (66, 14, 'The final digit is the number of candles in the room', 2),
  (67, 14, 'Check under the carpet near the door', 5),
  (68, 15, 'Decode the message written in UV ink on the map', 2),
  (69, 15, 'The morse code on the wall spells the exit code', 5),
  (70, 15, 'The morse code on the wall spells the exit code', 10),
  (71, 15, 'Connect the colored wires in rainbow order', 3);

-- session_clues (500 rows)
INSERT INTO session_clues (session_id, clue_id, used_at) VALUES
  (1, 28, NULL),
  (2, 49, '2024-09-30 18:59:00'),
  (2, 47, '2024-09-30 19:06:00'),
  (3, 21, '2025-11-07 16:41:00'),
  (3, 18, '2025-11-07 16:36:00'),
  (4, 70, '2025-10-16 20:29:00'),
  (6, 45, '2024-05-12 17:49:00'),
  (6, 46, '2024-05-12 17:20:00'),
  (7, 28, '2024-12-24 19:02:00'),
  (7, 29, '2024-12-24 19:00:00'),
  (9, 63, '2025-08-11 19:10:00'),
  (10, 6, '2024-07-20 10:41:00'),
  (10, 9, '2024-07-20 10:34:00'),
  (10, 7, NULL),
  (11, 60, '2024-05-05 16:24:00'),
  (11, 61, '2024-05-05 16:01:00'),
  (11, 62, '2024-05-05 15:58:00'),
  (12, 69, '2025-12-02 17:04:00'),
  (12, 70, '2025-12-02 17:36:00'),
  (12, 71, '2025-12-02 17:43:00'),
  (13, 50, '2025-08-10 20:50:00'),
  (13, 52, '2025-08-10 20:25:00'),
  (13, 53, '2025-08-10 20:26:00'),
  (14, 46, '2025-01-09 17:59:00'),
  (15, 21, '2025-08-07 12:36:00'),
  (16, 38, '2024-11-21 13:30:00'),
  (16, 36, '2024-11-21 13:19:00'),
  (17, 33, '2025-05-08 11:40:00'),
  (17, 32, '2025-05-08 11:50:00'),
  (17, 34, '2025-05-08 11:44:00'),
  (19, 57, '2024-07-21 19:52:00'),
  (20, 25, '2025-06-30 16:43:00'),
  (21, 57, '2025-02-20 17:28:00'),
  (22, 36, '2024-12-21 20:38:00'),
  (23, 8, '2024-12-28 09:33:00'),
  (24, 19, '2024-09-09 11:11:00'),
  (25, 28, '2025-12-02 14:00:00'),
  (25, 30, '2025-12-02 14:05:00'),
  (27, 67, '2025-03-29 16:00:00'),
  (30, 28, '2024-04-19 17:45:00'),
  (30, 27, '2024-04-19 18:08:00'),
  (31, 67, '2024-07-14 10:34:00'),
  (31, 66, '2024-07-14 10:34:00'),
  (31, 65, '2024-07-14 10:14:00'),
  (32, 57, '2024-01-15 12:31:00'),
  (33, 47, '2025-01-13 16:15:00'),
  (33, 48, '2025-01-13 15:50:00'),
  (34, 15, NULL),
  (34, 12, '2024-08-29 12:37:00'),
  (35, 24, '2025-09-08 12:59:00'),
  (35, 22, '2025-09-08 12:12:00'),
  (35, 26, '2025-09-08 11:38:00'),
  (36, 9, '2025-01-25 13:55:00'),
  (37, 23, '2024-04-10 18:48:00'),
  (37, 25, '2024-04-10 18:55:00'),
  (38, 15, NULL),
  (39, 6, '2024-10-17 15:59:00'),
  (40, 11, '2025-02-12 11:13:00'),
  (40, 9, '2025-02-12 10:38:00'),
  (42, 24, '2024-10-17 19:11:00'),
  (42, 26, '2024-10-17 18:52:00'),
  (43, 50, '2025-12-24 11:14:00'),
  (43, 52, '2025-12-24 11:42:00'),
  (43, 53, '2025-12-24 11:17:00'),
  (44, 43, '2024-07-02 16:56:00'),
  (45, 47, '2024-09-26 16:29:00'),
  (46, 13, '2025-03-04 21:34:00'),
  (46, 12, '2025-03-04 21:10:00'),
  (47, 65, '2024-01-30 09:37:00'),
  (47, 66, '2024-01-30 09:38:00'),
  (47, 67, '2024-01-30 09:40:00'),
  (49, 33, '2024-11-16 12:45:00'),
  (49, 32, '2024-11-16 12:41:00'),
  (49, 31, '2024-11-16 12:35:00'),
  (50, 40, '2024-06-10 13:02:00'),
  (50, 42, NULL),
  (51, 24, '2025-09-24 20:28:00'),
  (51, 25, '2025-09-24 21:32:00'),
  (51, 23, '2025-09-24 21:31:00'),
  (52, 39, '2024-03-13 12:10:00'),
  (52, 36, '2024-03-13 12:34:00'),
  (53, 28, '2024-09-13 09:47:00'),
  (53, 27, '2024-09-13 09:49:00'),
  (54, 46, '2025-03-31 12:37:00'),
  (56, 71, '2024-12-16 11:04:00'),
  (57, 43, '2025-10-24 18:27:00'),
  (57, 40, '2025-10-24 18:39:00'),
  (60, 37, '2025-11-02 14:57:00'),
  (61, 33, '2024-03-29 11:56:00'),
  (61, 34, '2024-03-29 12:01:00'),
  (62, 26, '2025-12-13 19:31:00'),
  (62, 23, '2025-12-13 19:17:00'),
  (62, 22, '2025-12-13 19:10:00'),
  (63, 49, NULL),
  (63, 47, '2025-12-04 17:00:00'),
  (64, 69, '2024-03-12 18:24:00'),
  (64, 68, '2024-03-12 18:17:00'),
  (64, 71, '2024-03-12 17:53:00'),
  (66, 43, '2025-05-12 12:46:00'),
  (66, 40, '2025-05-12 13:17:00');

INSERT INTO session_clues (session_id, clue_id, used_at) VALUES
  (66, 41, '2025-05-12 12:45:00'),
  (68, 35, '2025-02-01 11:46:00'),
  (69, 26, '2024-11-11 10:50:00'),
  (72, 70, '2024-06-07 17:01:00'),
  (72, 71, NULL),
  (72, 69, '2024-06-07 17:21:00'),
  (73, 26, '2024-04-18 12:48:00'),
  (75, 30, '2024-11-08 12:32:00'),
  (77, 20, '2024-05-15 14:02:00'),
  (78, 52, '2024-06-28 21:09:00'),
  (78, 51, '2024-06-28 20:22:00'),
  (78, 54, NULL),
  (80, 3, '2025-04-26 18:36:00'),
  (80, 1, '2025-04-26 18:06:00'),
  (83, 68, '2024-11-13 10:48:00'),
  (83, 71, '2024-11-13 11:17:00'),
  (85, 28, '2024-08-02 11:53:00'),
  (85, 30, NULL),
  (86, 19, '2025-09-19 19:38:00'),
  (86, 21, '2025-09-19 19:35:00'),
  (87, 70, '2024-01-16 16:37:00'),
  (88, 52, '2025-04-28 18:26:00'),
  (88, 54, '2025-04-28 18:35:00'),
  (88, 50, '2025-04-28 19:00:00'),
  (90, 34, '2024-08-21 13:01:00'),
  (91, 13, '2024-04-19 16:27:00'),
  (92, 27, '2024-01-06 10:35:00'),
  (92, 28, '2024-01-06 10:33:00'),
  (92, 30, '2024-01-06 10:37:00'),
  (93, 10, '2024-09-23 20:50:00'),
  (94, 9, '2024-04-24 12:21:00'),
  (96, 24, '2025-06-07 10:48:00'),
  (96, 22, '2025-06-07 10:03:00'),
  (97, 2, '2025-07-01 15:00:00'),
  (98, 30, '2024-03-30 11:56:00'),
  (98, 28, '2024-03-30 12:06:00'),
  (100, 33, NULL),
  (100, 34, '2025-10-18 20:58:00'),
  (101, 41, '2025-05-25 18:08:00'),
  (101, 42, '2025-05-25 17:54:00'),
  (102, 66, '2024-09-04 11:52:00'),
  (102, 63, '2024-09-04 12:00:00'),
  (104, 7, '2025-04-08 17:06:00'),
  (104, 9, '2025-04-08 16:49:00'),
  (106, 54, NULL),
  (106, 53, '2025-08-31 18:36:00'),
  (106, 51, '2025-08-31 18:27:00'),
  (107, 33, NULL),
  (107, 32, '2025-09-02 19:00:00'),
  (108, 30, '2024-12-05 20:11:00'),
  (108, 29, '2024-12-05 20:26:00'),
  (109, 14, '2024-09-25 12:02:00'),
  (109, 12, '2024-09-25 12:09:00'),
  (112, 22, '2024-04-02 16:27:00'),
  (114, 25, '2024-12-08 20:00:00'),
  (115, 39, '2024-08-02 15:52:00'),
  (115, 36, '2024-08-02 16:03:00'),
  (115, 38, '2024-08-02 15:21:00'),
  (117, 5, '2024-11-11 20:57:00'),
  (117, 2, '2024-11-11 20:58:00'),
  (118, 7, '2024-01-10 10:53:00'),
  (121, 44, '2025-12-02 18:38:00'),
  (121, 41, '2025-12-02 18:24:00'),
  (122, 62, '2025-09-19 19:56:00'),
  (122, 59, '2025-09-19 20:11:00'),
  (122, 60, NULL),
  (123, 34, '2025-10-29 16:44:00'),
  (123, 32, '2025-10-29 16:43:00'),
  (123, 31, '2025-10-29 16:44:00'),
  (125, 54, '2025-12-08 20:31:00'),
  (125, 50, '2025-12-08 20:35:00'),
  (126, 60, '2025-08-06 16:28:00'),
  (126, 62, '2025-08-06 15:59:00'),
  (128, 23, NULL),
  (130, 40, '2024-01-15 14:55:00'),
  (130, 41, '2024-01-15 14:21:00'),
  (130, 44, '2024-01-15 15:26:00'),
  (131, 45, '2025-03-06 10:50:00'),
  (133, 40, '2025-09-19 19:18:00'),
  (135, 11, NULL),
  (135, 8, '2024-12-23 14:36:00'),
  (135, 10, '2024-12-23 14:49:00'),
  (136, 19, '2024-12-18 10:05:00'),
  (137, 28, '2024-11-04 11:13:00'),
  (137, 29, NULL),
  (138, 28, '2024-07-02 09:32:00'),
  (138, 29, '2024-07-02 09:11:00'),
  (138, 30, '2024-07-02 09:22:00'),
  (139, 61, '2025-07-27 19:11:00'),
  (139, 60, '2025-07-27 19:43:00'),
  (141, 1, '2025-08-20 15:22:00'),
  (143, 71, '2024-08-05 17:33:00'),
  (144, 43, '2025-10-03 09:53:00'),
  (144, 44, '2025-10-03 09:18:00'),
  (144, 42, '2025-10-03 09:17:00'),
  (145, 59, NULL),
  (147, 34, '2024-07-02 12:06:00'),
  (148, 66, '2025-02-18 11:53:00'),
  (149, 50, '2025-08-25 20:30:00'),
  (149, 53, '2025-08-25 19:38:00');

INSERT INTO session_clues (session_id, clue_id, used_at) VALUES
  (149, 52, '2025-08-25 19:58:00'),
  (151, 59, '2025-02-18 13:03:00'),
  (151, 60, '2025-02-18 12:37:00'),
  (151, 61, '2025-02-18 12:49:00'),
  (152, 51, '2025-04-21 19:40:00'),
  (154, 17, '2024-05-14 12:55:00'),
  (156, 39, '2025-12-03 18:07:00'),
  (157, 70, '2024-07-08 16:12:00'),
  (158, 55, '2025-07-25 12:57:00'),
  (158, 56, '2025-07-25 12:59:00'),
  (160, 71, '2025-11-30 16:28:00'),
  (160, 69, '2025-11-30 16:30:00'),
  (162, 70, '2025-02-18 18:36:00'),
  (162, 69, '2025-02-18 18:11:00'),
  (163, 59, '2024-04-08 10:29:00'),
  (164, 17, '2024-11-09 18:54:00'),
  (164, 16, '2024-11-09 18:59:00'),
  (164, 14, '2024-11-09 18:32:00'),
  (166, 48, '2024-02-08 15:55:00'),
  (166, 47, '2024-02-08 15:56:00'),
  (168, 24, '2025-09-09 09:15:00'),
  (169, 51, '2024-08-29 15:52:00'),
  (172, 1, '2025-11-23 16:03:00'),
  (172, 4, '2025-11-23 16:03:00'),
  (172, 5, '2025-11-23 16:02:00'),
  (175, 58, '2025-05-10 16:23:00'),
  (175, 56, '2025-05-10 16:10:00'),
  (175, 57, '2025-05-10 16:23:00'),
  (176, 21, '2024-04-01 14:13:00'),
  (177, 37, '2024-09-13 12:35:00'),
  (177, 38, '2024-09-13 12:42:00'),
  (179, 8, '2025-05-08 15:57:00'),
  (179, 7, '2025-05-08 16:10:00'),
  (180, 62, '2024-02-22 18:19:00'),
  (180, 61, '2024-02-22 19:00:00'),
  (180, 60, '2024-02-22 18:18:00'),
  (181, 44, '2024-04-20 20:34:00'),
  (182, 48, '2025-06-07 13:30:00'),
  (182, 49, '2025-06-07 13:48:00'),
  (183, 63, '2024-04-12 09:35:00'),
  (184, 60, '2025-05-19 11:25:00'),
  (184, 59, '2025-05-19 10:53:00'),
  (184, 62, '2025-05-19 11:52:00'),
  (185, 51, NULL),
  (187, 39, '2025-11-21 17:24:00'),
  (188, 44, '2024-07-28 11:52:00'),
  (189, 19, '2024-05-01 12:54:00'),
  (189, 20, '2024-05-01 12:46:00'),
  (189, 21, '2024-05-01 12:37:00'),
  (190, 67, '2024-02-27 19:31:00'),
  (190, 66, '2024-02-27 19:29:00'),
  (191, 2, '2024-10-21 16:08:00'),
  (191, 5, '2024-10-21 15:47:00'),
  (193, 16, '2025-11-19 09:35:00'),
  (193, 15, '2025-11-19 09:26:00'),
  (193, 17, '2025-11-19 09:24:00'),
  (194, 4, '2025-04-27 10:08:00'),
  (198, 59, '2024-10-09 18:17:00'),
  (199, 27, '2025-02-26 09:53:00'),
  (200, 63, '2024-05-16 09:21:00'),
  (200, 65, '2024-05-16 09:15:00'),
  (200, 67, '2024-05-16 09:05:00'),
  (201, 26, '2025-03-13 15:12:00'),
  (201, 24, '2025-03-13 16:09:00'),
  (202, 10, '2025-08-28 19:42:00'),
  (204, 51, '2025-03-06 13:18:00'),
  (204, 52, '2025-03-06 13:39:00'),
  (207, 50, NULL),
  (207, 54, '2024-09-01 17:12:00'),
  (208, 65, '2025-02-26 10:46:00'),
  (208, 67, '2025-02-26 10:45:00'),
  (209, 71, NULL),
  (209, 68, NULL),
  (209, 70, NULL),
  (210, 54, NULL),
  (210, 53, '2025-04-17 12:28:00'),
  (210, 51, '2025-04-17 13:06:00'),
  (212, 21, '2025-06-18 13:23:00'),
  (212, 18, NULL),
  (212, 19, NULL),
  (213, 54, '2025-09-20 19:10:00'),
  (213, 50, '2025-09-20 19:25:00'),
  (214, 58, '2025-08-08 19:52:00'),
  (214, 57, '2025-08-08 19:53:00'),
  (214, 55, '2025-08-08 20:00:00'),
  (215, 4, '2025-11-29 19:07:00'),
  (218, 58, '2025-05-11 10:14:00'),
  (219, 17, '2025-06-14 18:37:00'),
  (219, 12, '2025-06-14 18:40:00'),
  (220, 32, '2025-12-21 15:06:00'),
  (221, 12, NULL),
  (222, 14, NULL),
  (224, 25, '2024-06-17 11:40:00'),
  (224, 23, NULL),
  (226, 2, '2024-04-30 15:38:00'),
  (226, 3, '2024-04-30 15:56:00'),
  (226, 1, '2024-04-30 14:40:00'),
  (227, 46, '2025-03-04 20:57:00'),
  (227, 45, '2025-03-04 21:19:00'),
  (227, 49, '2025-03-04 20:55:00');

INSERT INTO session_clues (session_id, clue_id, used_at) VALUES
  (228, 46, '2025-09-12 13:52:00'),
  (228, 47, '2025-09-12 13:59:00'),
  (228, 49, '2025-09-12 13:56:00'),
  (229, 42, NULL),
  (229, 41, '2025-10-07 20:54:00'),
  (230, 27, '2024-10-18 12:16:00'),
  (231, 13, '2024-11-23 19:51:00'),
  (234, 68, '2024-05-22 10:36:00'),
  (234, 70, '2024-05-22 10:48:00'),
  (238, 59, '2025-11-09 20:26:00'),
  (238, 62, NULL),
  (240, 62, '2025-06-22 16:38:00'),
  (240, 60, '2025-06-22 16:36:00'),
  (243, 41, '2024-11-16 14:23:00'),
  (243, 40, '2024-11-16 14:26:00'),
  (244, 15, '2025-02-06 16:52:00'),
  (244, 17, '2025-02-06 17:01:00'),
  (244, 12, '2025-02-06 17:34:00'),
  (245, 7, '2024-11-27 09:33:00'),
  (245, 9, '2024-11-27 09:33:00'),
  (246, 12, '2025-01-25 16:52:00'),
  (247, 36, '2024-11-07 20:10:00'),
  (247, 39, '2024-11-07 20:24:00'),
  (248, 52, NULL),
  (249, 23, NULL),
  (251, 8, '2024-06-21 17:33:00'),
  (254, 4, '2025-05-21 12:28:00'),
  (254, 1, '2025-05-21 13:27:00'),
  (257, 33, '2024-06-13 13:26:00'),
  (259, 18, '2025-03-17 18:30:00'),
  (260, 65, '2024-09-13 12:08:00'),
  (260, 67, '2024-09-13 12:05:00'),
  (261, 68, '2025-01-04 13:32:00'),
  (264, 67, '2025-01-07 15:57:00'),
  (264, 63, NULL),
  (265, 33, '2025-06-23 20:34:00'),
  (265, 34, NULL),
  (267, 3, '2025-11-01 21:56:00'),
  (268, 32, '2024-09-11 15:31:00'),
  (271, 43, '2025-12-07 14:52:00'),
  (271, 42, '2025-12-07 15:00:00'),
  (272, 28, '2024-07-13 14:05:00'),
  (272, 27, '2024-07-13 13:34:00'),
  (273, 32, '2025-05-03 09:17:00'),
  (273, 33, '2025-05-03 09:18:00'),
  (273, 34, '2025-05-03 09:19:00'),
  (274, 25, '2024-12-10 15:48:00'),
  (275, 62, '2025-05-18 18:42:00'),
  (280, 17, NULL),
  (280, 16, '2024-12-01 19:46:00'),
  (280, 14, '2024-12-01 19:39:00'),
  (284, 8, '2025-02-23 16:47:00'),
  (284, 10, '2025-02-23 17:10:00'),
  (285, 25, NULL),
  (285, 26, '2024-07-13 13:31:00'),
  (285, 22, '2024-07-13 13:27:00'),
  (287, 54, '2025-06-21 11:41:00'),
  (287, 51, '2025-06-21 11:17:00'),
  (289, 69, '2025-07-08 16:21:00'),
  (290, 30, '2024-04-13 20:44:00'),
  (290, 28, '2024-04-13 20:45:00'),
  (291, 18, '2025-07-05 12:34:00'),
  (291, 21, '2025-07-05 12:06:00'),
  (291, 20, '2025-07-05 12:07:00'),
  (292, 24, '2025-11-29 19:39:00'),
  (293, 24, '2024-05-21 15:00:00'),
  (293, 22, '2024-05-21 15:17:00'),
  (293, 23, '2024-05-21 14:42:00'),
  (296, 46, '2024-11-06 13:38:00'),
  (297, 54, '2025-07-31 13:05:00'),
  (298, 52, NULL),
  (298, 51, '2025-02-01 13:14:00'),
  (299, 22, '2025-05-31 15:05:00'),
  (299, 26, '2025-05-31 14:26:00'),
  (299, 25, '2025-05-31 15:20:00'),
  (300, 42, '2025-06-15 13:46:00'),
  (300, 43, '2025-06-15 13:36:00'),
  (301, 29, '2025-10-02 20:24:00'),
  (301, 28, '2025-10-02 20:39:00'),
  (301, 27, '2025-10-02 20:29:00'),
  (303, 17, '2024-04-26 18:10:00'),
  (303, 13, NULL),
  (303, 14, '2024-04-26 17:58:00'),
  (304, 58, NULL),
  (304, 55, '2025-05-02 16:09:00'),
  (304, 56, '2025-05-02 16:09:00'),
  (305, 27, NULL),
  (305, 28, '2024-02-27 17:05:00'),
  (305, 29, '2024-02-27 17:06:00'),
  (306, 25, '2025-06-08 15:54:00'),
  (307, 25, '2025-04-15 16:54:00'),
  (307, 22, '2025-04-15 16:51:00'),
  (308, 59, '2025-10-22 21:20:00'),
  (308, 60, '2025-10-22 20:52:00'),
  (309, 61, '2025-03-01 11:06:00'),
  (309, 62, '2025-03-01 11:14:00'),
  (310, 8, '2025-02-17 16:34:00'),
  (311, 56, '2025-08-13 11:22:00'),
  (311, 58, NULL),
  (312, 18, '2025-09-22 15:53:00');

INSERT INTO session_clues (session_id, clue_id, used_at) VALUES
  (312, 20, '2025-09-22 15:54:00'),
  (312, 19, '2025-09-22 15:53:00'),
  (316, 28, '2024-10-31 19:22:00'),
  (319, 39, '2024-08-08 13:18:00'),
  (319, 35, '2024-08-08 13:02:00'),
  (320, 55, '2025-07-09 13:09:00'),
  (320, 57, '2025-07-09 13:07:00'),
  (322, 27, '2024-09-01 12:34:00'),
  (322, 30, '2024-09-01 12:25:00'),
  (323, 54, '2024-04-23 15:17:00'),
  (324, 53, '2025-05-13 15:51:00'),
  (324, 51, '2025-05-13 16:00:00'),
  (325, 30, '2024-02-20 10:02:00'),
  (325, 27, '2024-02-20 10:24:00'),
  (325, 29, '2024-02-20 10:02:00'),
  (326, 35, '2025-12-25 19:40:00'),
  (326, 36, '2025-12-25 19:34:00'),
  (328, 20, '2025-09-12 13:14:00'),
  (328, 21, '2025-09-12 13:13:00'),
  (329, 46, '2024-11-27 14:58:00'),
  (329, 45, '2024-11-27 14:55:00'),
  (332, 55, '2024-06-01 11:03:00'),
  (334, 34, NULL),
  (334, 31, '2024-12-21 19:25:00'),
  (335, 47, '2025-06-16 14:39:00'),
  (336, 61, '2024-11-26 20:22:00'),
  (337, 3, '2025-06-07 11:22:00'),
  (337, 4, '2025-06-07 10:44:00'),
  (340, 48, '2024-10-01 17:25:00'),
  (340, 49, NULL),
  (341, 34, '2025-12-21 16:04:00'),
  (341, 32, '2025-12-21 15:44:00'),
  (342, 15, NULL),
  (342, 17, '2025-04-10 16:55:00'),
  (343, 19, '2024-01-20 15:05:00'),
  (344, 41, '2024-04-22 13:28:00'),
  (347, 57, '2024-07-31 15:35:00'),
  (348, 64, '2024-10-15 11:47:00'),
  (349, 28, '2025-09-25 18:06:00'),
  (350, 28, '2025-11-10 21:17:00'),
  (352, 55, '2025-11-20 09:24:00'),
  (352, 56, '2025-11-20 09:35:00'),
  (352, 57, '2025-11-20 09:33:00'),
  (353, 3, '2025-09-15 13:48:00'),
  (354, 5, '2025-04-20 17:21:00'),
  (354, 4, '2025-04-20 17:48:00'),
  (355, 17, '2025-03-14 15:07:00'),
  (355, 13, '2025-03-14 14:06:00'),
  (356, 4, '2025-08-09 16:16:00'),
  (357, 37, '2024-07-07 10:10:00'),
  (357, 38, '2024-07-07 09:56:00'),
  (358, 56, '2025-01-17 13:23:00'),
  (358, 58, NULL),
  (360, 32, '2025-08-27 16:27:00'),
  (361, 15, '2024-06-01 19:10:00'),
  (362, 59, '2025-02-26 21:08:00'),
  (363, 68, '2025-05-02 11:28:00'),
  (363, 70, NULL),
  (364, 61, '2025-10-10 11:44:00'),
  (364, 59, '2025-10-10 11:55:00'),
  (364, 60, '2025-10-10 12:06:00'),
  (365, 55, '2024-10-16 19:45:00'),
  (365, 56, '2024-10-16 19:40:00'),
  (366, 15, '2024-05-01 12:07:00'),
  (366, 16, NULL),
  (367, 37, '2025-03-29 11:39:00'),
  (369, 36, '2025-08-14 09:08:00'),
  (369, 35, '2025-08-14 09:17:00'),
  (370, 29, '2025-10-09 10:29:00'),
  (371, 22, '2024-09-09 12:31:00'),
  (374, 25, '2024-01-30 11:53:00'),
  (374, 22, '2024-01-30 12:23:00'),
  (375, 54, '2025-04-16 12:25:00'),
  (379, 30, '2025-03-14 11:43:00'),
  (379, 28, '2025-03-14 11:36:00'),
  (381, 44, '2024-03-12 11:58:00'),
  (381, 43, '2024-03-12 11:40:00'),
  (381, 41, '2024-03-12 11:32:00'),
  (382, 62, '2025-07-26 14:28:00'),
  (382, 59, '2025-07-26 14:16:00'),
  (384, 27, '2024-11-17 15:38:00'),
  (385, 19, '2024-07-13 11:37:00'),
  (385, 21, '2024-07-13 11:38:00'),
  (386, 11, '2025-05-27 11:23:00'),
  (387, 3, '2025-09-11 20:57:00'),
  (388, 27, '2025-04-16 19:54:00'),
  (390, 30, '2024-04-25 11:25:00'),
  (391, 23, '2025-04-12 11:08:00'),
  (391, 25, '2025-04-12 10:42:00'),
  (392, 26, '2025-09-23 15:03:00'),
  (392, 22, '2025-09-23 14:40:00'),
  (396, 20, '2024-09-10 11:11:00'),
  (396, 19, '2024-09-10 11:06:00'),
  (396, 21, '2024-09-10 11:05:00'),
  (398, 53, '2024-05-28 10:12:00'),
  (398, 50, '2024-05-28 09:49:00'),
  (399, 31, '2024-03-23 10:07:00'),
  (400, 20, '2024-01-09 14:03:00'),
  (403, 39, '2025-12-24 16:10:00'),
  (404, 9, '2024-12-18 19:17:00');

-- payments (800 rows)
INSERT INTO payments (payment_id, booking_id, amount, payment_method, payment_status, payment_time) VALUES
  (1, 1, 201.0, 'Online', 'SUCCESS', '2025-01-14 16:25:56'),
  (2, 2, 264.0, 'Cash', 'SUCCESS', '2025-05-17 14:49:46'),
  (3, 3, 576.0, 'Online', 'SUCCESS', '2024-05-15 16:48:29'),
  (4, 4, 102.0, 'Card', 'FAILED', '2025-02-27 17:40:50'),
  (5, 5, 196.0, 'Card', 'SUCCESS', '2025-02-17 22:29:58'),
  (6, 6, 67.5, 'Online', 'FAILED', '2024-02-25 21:37:14'),
  (7, 7, 312.5, 'Card', 'SUCCESS', '2024-05-18 21:14:42'),
  (8, 8, 44.0, 'Online', 'SUCCESS', '2024-07-22 08:33:14'),
  (9, 9, 98.0, 'Card', 'PENDING', '2025-01-01 11:25:00'),
  (10, 10, 48.0, 'Card', 'PENDING', '2025-02-08 16:52:57'),
  (11, 11, 129.0, 'Cash', 'SUCCESS', '2025-08-29 20:38:42'),
  (12, 12, 53.5, 'Card', 'PENDING', '2024-12-23 16:42:35'),
  (13, 13, 72.0, 'Card', 'SUCCESS', '2024-04-01 22:24:35'),
  (14, 14, 88.0, 'Online', 'SUCCESS', '2024-08-06 08:43:27'),
  (15, 15, 220.0, 'Card', 'FAILED', '2025-10-26 08:06:08'),
  (16, 16, 268.0, 'Online', 'SUCCESS', '2025-11-28 18:18:42'),
  (17, 17, 102.0, 'Card', 'SUCCESS', '2024-01-06 11:46:10'),
  (18, 18, 96.0, 'Card', 'PENDING', '2025-12-25 12:34:44'),
  (19, 19, 288.0, 'Cash', 'SUCCESS', '2025-04-14 21:07:54'),
  (20, 20, 220.0, 'Online', 'PENDING', '2025-09-30 20:49:50'),
  (21, 21, 202.5, 'Online', 'SUCCESS', '2025-01-17 09:48:28'),
  (22, 22, 86.0, 'Card', 'SUCCESS', '2024-04-17 16:07:30'),
  (23, 23, 360.0, 'Online', 'FAILED', '2024-10-10 13:50:05'),
  (24, 24, 312.5, 'Card', 'SUCCESS', '2024-02-27 16:16:46'),
  (25, 25, 96.0, 'Card', 'FAILED', '2024-01-27 09:10:09'),
  (26, 26, 44.0, 'Card', 'SUCCESS', '2025-02-17 15:59:48'),
  (27, 27, 53.5, 'Cash', 'SUCCESS', '2024-07-10 20:48:27'),
  (28, 28, 107.0, 'Card', 'SUCCESS', '2025-11-15 11:10:12'),
  (29, 29, 106.0, 'Cash', 'FAILED', '2025-07-25 19:14:53'),
  (30, 30, 125.0, 'Online', 'FAILED', '2025-07-23 16:49:29'),
  (31, 31, 102.0, 'Card', 'SUCCESS', '2024-03-31 22:02:02'),
  (32, 32, 107.0, 'Card', 'SUCCESS', '2024-12-03 08:42:59'),
  (33, 33, 469.0, 'Card', 'SUCCESS', '2025-04-26 13:55:29'),
  (34, 34, 172.0, 'Card', 'SUCCESS', '2024-03-13 17:08:30'),
  (35, 35, 504.0, 'Card', 'PENDING', '2025-06-24 09:39:51'),
  (36, 36, 107.0, 'Card', 'SUCCESS', '2024-07-22 11:19:34'),
  (37, 37, 53.5, 'Online', 'SUCCESS', '2024-05-26 08:19:42'),
  (38, 38, 53.5, 'Online', 'SUCCESS', '2024-06-28 21:24:09'),
  (39, 39, 34.0, 'Card', 'SUCCESS', '2024-06-21 16:23:04'),
  (40, 40, 68.0, 'Card', 'SUCCESS', '2024-05-09 08:01:18'),
  (41, 41, 44.0, 'Card', 'PENDING', '2025-05-02 22:33:38'),
  (42, 42, 135.0, 'Cash', 'SUCCESS', '2024-01-15 09:16:49'),
  (43, 43, 402.0, 'Card', 'SUCCESS', '2025-11-22 17:13:37'),
  (44, 44, 53.0, 'Online', 'SUCCESS', '2024-11-13 12:53:48'),
  (45, 45, 44.0, 'Cash', 'SUCCESS', '2024-03-07 20:45:35'),
  (46, 46, 102.0, 'Online', 'SUCCESS', '2025-06-14 22:35:42'),
  (47, 47, 135.0, 'Card', 'SUCCESS', '2024-12-16 12:58:56'),
  (48, 48, 68.0, 'Card', 'SUCCESS', '2024-01-18 19:03:08'),
  (49, 49, 102.0, 'Card', 'PENDING', '2024-01-23 09:57:30'),
  (50, 50, 132.0, 'Card', 'SUCCESS', '2024-02-05 16:06:16'),
  (51, 51, 48.0, 'Card', 'FAILED', '2024-02-18 09:21:10'),
  (52, 52, 176.0, 'Card', 'FAILED', '2024-04-28 18:51:01'),
  (53, 53, 53.0, 'Card', 'SUCCESS', '2025-12-18 10:47:52'),
  (54, 54, 48.0, 'Online', 'SUCCESS', '2025-03-03 08:43:33'),
  (55, 55, 106.0, 'Online', 'SUCCESS', '2025-12-17 15:35:15'),
  (56, 56, 189.0, 'Card', 'FAILED', '2025-09-21 11:52:33'),
  (57, 57, 102.0, 'Card', 'SUCCESS', '2025-09-12 22:37:18'),
  (58, 58, 132.0, 'Card', 'FAILED', '2025-12-21 19:26:16'),
  (59, 59, 196.0, 'Cash', 'SUCCESS', '2024-07-31 14:37:12'),
  (60, 60, 67.5, 'Online', 'SUCCESS', '2024-03-31 21:41:37'),
  (61, 61, 312.5, 'Card', 'FAILED', '2024-04-01 19:02:14'),
  (62, 62, 48.0, 'Online', 'SUCCESS', '2024-09-19 18:25:08'),
  (63, 63, 67.0, 'Online', 'SUCCESS', '2025-04-20 17:00:41'),
  (64, 64, 107.0, 'Card', 'SUCCESS', '2024-10-24 14:06:21'),
  (65, 65, 469.0, 'Card', 'SUCCESS', '2024-02-16 21:23:20'),
  (66, 66, 135.0, 'Online', 'SUCCESS', '2024-12-30 15:42:12'),
  (67, 67, 107.0, 'Online', 'SUCCESS', '2024-04-02 13:12:55'),
  (68, 68, 504.0, 'Online', 'FAILED', '2025-04-11 15:31:17'),
  (69, 69, 67.5, 'Card', 'FAILED', '2025-10-23 15:10:03'),
  (70, 70, 252.0, 'Online', 'SUCCESS', '2024-06-09 16:18:13'),
  (71, 71, 129.0, 'Card', 'PENDING', '2025-11-24 12:17:11'),
  (72, 72, 264.0, 'Card', 'SUCCESS', '2024-01-30 17:29:22'),
  (73, 73, 344.0, 'Card', 'FAILED', '2024-05-12 19:55:17'),
  (74, 74, 432.0, 'Online', 'PENDING', '2024-03-03 10:30:14'),
  (75, 75, 98.0, 'Card', 'SUCCESS', '2025-08-12 18:31:24'),
  (76, 76, 202.5, 'Card', 'FAILED', '2025-06-14 09:17:46'),
  (77, 77, 258.0, 'Card', 'SUCCESS', '2024-09-11 12:55:42'),
  (78, 78, 202.5, 'Cash', 'FAILED', '2025-07-22 08:04:36'),
  (79, 79, 176.0, 'Online', 'SUCCESS', '2025-05-30 12:51:15'),
  (80, 80, 53.5, 'Online', 'SUCCESS', '2025-05-17 18:31:33'),
  (81, 81, 202.5, 'Card', 'PENDING', '2024-08-14 20:44:49'),
  (82, 82, 344.0, 'Cash', 'FAILED', '2025-04-15 15:12:11'),
  (83, 83, 43.0, 'Card', 'FAILED', '2024-04-28 12:44:51'),
  (84, 84, 469.0, 'Card', 'SUCCESS', '2025-07-13 18:53:38'),
  (85, 85, 288.0, 'Cash', 'SUCCESS', '2025-10-11 15:39:12'),
  (86, 86, 44.0, 'Online', 'SUCCESS', '2025-01-05 13:30:48'),
  (87, 87, 312.5, 'Card', 'SUCCESS', '2025-07-26 14:35:01'),
  (88, 88, 63.0, 'Online', 'SUCCESS', '2025-04-07 11:26:55'),
  (89, 89, 264.0, 'Card', 'SUCCESS', '2024-12-29 09:43:35'),
  (90, 90, 49.0, 'Card', 'SUCCESS', '2025-01-16 11:23:06'),
  (91, 91, 189.0, 'Card', 'SUCCESS', '2025-02-20 09:17:41'),
  (92, 92, 172.0, 'Cash', 'SUCCESS', '2024-08-07 09:21:59'),
  (93, 93, 202.5, 'Card', 'SUCCESS', '2024-02-15 20:38:34'),
  (94, 94, 129.0, 'Online', 'FAILED', '2025-04-05 08:30:44'),
  (95, 95, 135.0, 'Card', 'SUCCESS', '2024-02-19 22:53:31'),
  (96, 96, 98.0, 'Online', 'SUCCESS', '2024-06-27 22:21:06'),
  (97, 97, 102.0, 'Card', 'SUCCESS', '2025-11-02 08:27:44'),
  (98, 98, 102.0, 'Card', 'SUCCESS', '2025-03-01 16:44:10'),
  (99, 99, 129.0, 'Card', 'SUCCESS', '2024-10-28 18:17:12'),
  (100, 100, 432.0, 'Card', 'SUCCESS', '2025-06-08 19:11:12');

INSERT INTO payments (payment_id, booking_id, amount, payment_method, payment_status, payment_time) VALUES
  (101, 101, 68.0, 'Online', 'SUCCESS', '2024-08-08 15:03:42'),
  (102, 102, 159.0, 'Card', 'SUCCESS', '2025-11-19 09:46:58'),
  (103, 103, 147.0, 'Online', 'SUCCESS', '2025-07-07 21:43:27'),
  (104, 104, 102.0, 'Card', 'SUCCESS', '2025-05-05 15:24:00'),
  (105, 105, 504.0, 'Card', 'SUCCESS', '2025-06-29 18:53:57'),
  (106, 106, 53.0, 'Card', 'SUCCESS', '2025-01-24 11:04:09'),
  (107, 107, 360.0, 'Card', 'FAILED', '2024-06-12 12:45:33'),
  (108, 108, 312.5, 'Online', 'PENDING', '2024-07-25 22:28:10'),
  (109, 109, 264.0, 'Online', 'SUCCESS', '2025-09-21 15:27:11'),
  (110, 110, 135.0, 'Cash', 'SUCCESS', '2025-10-22 13:16:38'),
  (111, 111, 72.0, 'Card', 'SUCCESS', '2025-12-13 11:25:18'),
  (112, 112, 53.5, 'Card', 'SUCCESS', '2025-12-02 21:37:07'),
  (113, 113, 88.0, 'Online', 'SUCCESS', '2025-03-29 11:47:44'),
  (114, 114, 312.5, 'Cash', 'SUCCESS', '2025-01-08 14:58:41'),
  (115, 115, 576.0, 'Cash', 'PENDING', '2024-07-16 08:33:11'),
  (116, 116, 49.0, 'Cash', 'SUCCESS', '2024-06-25 11:58:03'),
  (117, 117, 53.0, 'Cash', 'SUCCESS', '2024-09-27 11:34:35'),
  (118, 118, 98.0, 'Card', 'SUCCESS', '2025-04-22 12:16:21'),
  (119, 119, 312.5, 'Cash', 'SUCCESS', '2024-02-22 14:31:54'),
  (120, 120, 135.0, 'Online', 'SUCCESS', '2025-08-08 19:40:05'),
  (121, 121, 159.0, 'Cash', 'FAILED', '2024-08-13 14:46:40'),
  (122, 122, 135.0, 'Cash', 'PENDING', '2025-07-08 15:10:43'),
  (123, 123, 107.0, 'Card', 'PENDING', '2025-11-10 08:48:00'),
  (124, 124, 135.0, 'Online', 'SUCCESS', '2025-09-25 21:51:46'),
  (125, 125, 378.0, 'Card', 'SUCCESS', '2024-01-10 09:44:12'),
  (126, 126, 202.5, 'Card', 'SUCCESS', '2025-09-17 20:57:34'),
  (127, 127, 67.5, 'Cash', 'SUCCESS', '2025-01-25 19:09:22'),
  (128, 128, 202.5, 'Card', 'SUCCESS', '2024-01-24 20:18:16'),
  (129, 129, 344.0, 'Card', 'SUCCESS', '2025-06-03 17:42:36'),
  (130, 130, 67.5, 'Cash', 'SUCCESS', '2024-11-24 10:11:52'),
  (131, 131, 67.5, 'Online', 'SUCCESS', '2025-07-04 13:24:30'),
  (132, 132, 264.0, 'Card', 'SUCCESS', '2024-08-06 08:38:03'),
  (133, 133, 202.5, 'Card', 'SUCCESS', '2025-12-19 14:22:40'),
  (134, 134, 98.0, 'Card', 'SUCCESS', '2024-03-12 16:09:25'),
  (135, 135, 63.0, 'Card', 'SUCCESS', '2024-03-27 10:51:17'),
  (136, 136, 88.0, 'Cash', 'PENDING', '2025-08-09 18:03:23'),
  (137, 137, 176.0, 'Card', 'SUCCESS', '2025-10-04 19:02:35'),
  (138, 138, 402.0, 'Online', 'SUCCESS', '2025-07-01 14:13:15'),
  (139, 139, 402.0, 'Card', 'SUCCESS', '2025-08-19 17:22:50'),
  (140, 140, 360.0, 'Online', 'SUCCESS', '2024-04-17 10:04:03'),
  (141, 141, 44.0, 'Card', 'SUCCESS', '2025-01-25 21:25:16'),
  (142, 142, 312.5, 'Online', 'SUCCESS', '2025-02-04 12:40:46'),
  (143, 143, 202.5, 'Card', 'PENDING', '2025-11-23 16:30:31'),
  (144, 144, 220.0, 'Online', 'FAILED', '2025-07-19 14:45:48'),
  (145, 145, 220.0, 'Card', 'SUCCESS', '2025-08-30 12:15:09'),
  (146, 146, 136.0, 'Online', 'SUCCESS', '2024-12-15 17:43:18'),
  (147, 147, 53.0, 'Online', 'SUCCESS', '2024-06-11 14:19:10'),
  (148, 148, 48.0, 'Card', 'SUCCESS', '2024-07-03 13:46:46'),
  (149, 149, 48.0, 'Online', 'SUCCESS', '2025-04-17 12:49:16'),
  (150, 150, 196.0, 'Card', 'SUCCESS', '2024-07-18 12:40:24'),
  (151, 151, 34.0, 'Card', 'PENDING', '2025-10-31 20:18:55'),
  (152, 152, 344.0, 'Online', 'SUCCESS', '2024-11-20 19:43:23'),
  (153, 153, 159.0, 'Card', 'SUCCESS', '2025-08-19 11:55:58'),
  (154, 154, 53.0, 'Online', 'SUCCESS', '2025-03-11 14:19:26'),
  (155, 155, 132.0, 'Online', 'SUCCESS', '2025-10-18 20:14:46'),
  (156, 156, 135.0, 'Card', 'SUCCESS', '2024-12-04 21:17:21'),
  (157, 157, 67.5, 'Online', 'SUCCESS', '2025-05-13 18:44:21'),
  (158, 158, 308.0, 'Card', 'FAILED', '2024-10-14 21:18:15'),
  (159, 159, 378.0, 'Card', 'FAILED', '2025-10-01 11:53:33'),
  (160, 160, 469.0, 'Card', 'SUCCESS', '2025-10-08 14:46:14'),
  (161, 161, 67.5, 'Online', 'SUCCESS', '2024-08-05 09:45:38'),
  (162, 162, 48.0, 'Card', 'SUCCESS', '2025-04-28 16:03:38'),
  (163, 163, 147.0, 'Online', 'FAILED', '2025-08-26 18:43:12'),
  (164, 164, 53.5, 'Card', 'SUCCESS', '2025-02-08 11:02:56'),
  (165, 165, 48.0, 'Card', 'SUCCESS', '2025-09-20 09:58:48'),
  (166, 166, 102.0, 'Cash', 'SUCCESS', '2024-06-30 14:06:29'),
  (167, 167, 53.5, 'Online', 'SUCCESS', '2025-05-10 08:58:11'),
  (168, 168, 53.5, 'Card', 'SUCCESS', '2024-09-27 17:06:21'),
  (169, 169, 344.0, 'Online', 'SUCCESS', '2025-01-31 21:38:33'),
  (170, 170, 378.0, 'Online', 'SUCCESS', '2024-11-24 13:30:40'),
  (171, 171, 102.0, 'Online', 'SUCCESS', '2024-09-24 21:38:07'),
  (172, 172, 102.0, 'Online', 'FAILED', '2025-01-09 22:39:43'),
  (173, 173, 67.5, 'Card', 'SUCCESS', '2025-01-18 10:56:03'),
  (174, 174, 344.0, 'Card', 'SUCCESS', '2024-12-19 21:33:40'),
  (175, 175, 53.0, 'Online', 'FAILED', '2025-03-24 11:14:25'),
  (176, 176, 53.0, 'Cash', 'SUCCESS', '2024-06-02 17:08:48'),
  (177, 177, 136.0, 'Online', 'SUCCESS', '2025-11-06 11:38:38'),
  (178, 178, 344.0, 'Cash', 'SUCCESS', '2025-11-19 12:21:21'),
  (179, 179, 34.0, 'Card', 'SUCCESS', '2024-01-23 19:47:54'),
  (180, 180, 67.5, 'Online', 'SUCCESS', '2025-10-03 19:02:53'),
  (181, 181, 67.5, 'Card', 'SUCCESS', '2024-09-19 11:31:59'),
  (182, 182, 48.0, 'Card', 'SUCCESS', '2025-07-31 16:44:06'),
  (183, 183, 126.0, 'Card', 'SUCCESS', '2024-10-17 08:12:55'),
  (184, 184, 53.0, 'Online', 'SUCCESS', '2025-05-07 13:24:25'),
  (185, 185, 308.0, 'Online', 'SUCCESS', '2025-08-19 14:09:43'),
  (186, 186, 147.0, 'Card', 'SUCCESS', '2024-06-19 09:11:49'),
  (187, 187, 176.0, 'Card', 'PENDING', '2024-08-21 08:52:27'),
  (188, 188, 96.0, 'Cash', 'SUCCESS', '2025-05-31 15:40:54'),
  (189, 189, 202.5, 'Card', 'SUCCESS', '2025-05-01 17:13:33'),
  (190, 190, 62.5, 'Online', 'FAILED', '2025-05-30 09:15:19'),
  (191, 191, 67.5, 'Online', 'SUCCESS', '2025-09-06 20:12:21'),
  (192, 192, 135.0, 'Card', 'SUCCESS', '2025-03-16 14:02:13'),
  (193, 193, 136.0, 'Card', 'SUCCESS', '2025-03-15 08:06:42'),
  (194, 194, 34.0, 'Card', 'FAILED', '2025-12-14 17:52:03'),
  (195, 195, 67.5, 'Cash', 'PENDING', '2024-08-26 20:18:18'),
  (196, 196, 34.0, 'Cash', 'FAILED', '2024-09-17 12:37:51'),
  (197, 197, 315.0, 'Card', 'PENDING', '2025-06-16 20:39:36'),
  (198, 198, 132.0, 'Online', 'PENDING', '2024-11-17 21:35:41'),
  (199, 199, 504.0, 'Cash', 'SUCCESS', '2024-09-13 09:56:33'),
  (200, 200, 125.0, 'Card', 'SUCCESS', '2025-02-08 17:24:40');

INSERT INTO payments (payment_id, booking_id, amount, payment_method, payment_status, payment_time) VALUES
  (201, 201, 107.0, 'Online', 'SUCCESS', '2024-06-30 17:06:18'),
  (202, 202, 88.0, 'Card', 'SUCCESS', '2025-12-21 17:39:50'),
  (203, 203, 129.0, 'Online', 'SUCCESS', '2024-08-22 22:12:06'),
  (204, 204, 312.5, 'Card', 'SUCCESS', '2024-12-11 12:49:09'),
  (205, 205, 44.0, 'Online', 'SUCCESS', '2024-06-13 14:39:44'),
  (206, 206, 44.0, 'Card', 'FAILED', '2025-09-05 14:40:07'),
  (207, 207, 402.0, 'Card', 'SUCCESS', '2025-09-15 18:28:11'),
  (208, 208, 135.0, 'Online', 'SUCCESS', '2025-11-01 16:38:14'),
  (209, 209, 96.0, 'Card', 'SUCCESS', '2024-06-26 18:15:57'),
  (210, 210, 288.0, 'Online', 'SUCCESS', '2025-06-14 21:52:18'),
  (211, 211, 170.0, 'Online', 'PENDING', '2025-12-13 22:42:07'),
  (212, 212, 134.0, 'Online', 'PENDING', '2025-10-29 13:01:35'),
  (213, 213, 96.0, 'Online', 'SUCCESS', '2024-12-24 17:48:22'),
  (214, 214, 63.0, 'Cash', 'SUCCESS', '2025-12-19 09:50:35'),
  (215, 215, 107.0, 'Card', 'SUCCESS', '2025-08-16 18:04:59'),
  (216, 216, 301.0, 'Online', 'SUCCESS', '2024-07-15 20:27:06'),
  (217, 217, 315.0, 'Online', 'FAILED', '2025-06-01 20:12:51'),
  (218, 218, 360.0, 'Cash', 'SUCCESS', '2025-06-09 12:53:12'),
  (219, 219, 125.0, 'Online', 'SUCCESS', '2025-05-09 11:37:50'),
  (220, 220, 43.0, 'Online', 'PENDING', '2025-11-26 18:57:02'),
  (221, 221, 125.0, 'Online', 'SUCCESS', '2025-10-09 15:48:14'),
  (222, 222, 53.5, 'Card', 'SUCCESS', '2025-02-23 17:25:58'),
  (223, 223, 132.0, 'Online', 'SUCCESS', '2024-04-05 09:53:48'),
  (224, 224, 53.5, 'Card', 'SUCCESS', '2024-11-17 18:12:52'),
  (225, 225, 67.5, 'Cash', 'PENDING', '2025-11-30 08:04:24'),
  (226, 226, 132.0, 'Cash', 'SUCCESS', '2024-09-02 09:18:40'),
  (227, 227, 53.5, 'Cash', 'SUCCESS', '2025-09-23 08:29:26'),
  (228, 228, 96.0, 'Online', 'PENDING', '2025-11-22 21:37:28'),
  (229, 229, 176.0, 'Cash', 'SUCCESS', '2024-02-13 19:23:14'),
  (230, 230, 132.0, 'Cash', 'SUCCESS', '2025-08-08 15:28:38'),
  (231, 231, 504.0, 'Card', 'SUCCESS', '2025-06-04 22:08:46'),
  (232, 232, 250.0, 'Card', 'SUCCESS', '2025-06-21 17:08:22'),
  (233, 233, 88.0, 'Card', 'SUCCESS', '2024-12-18 19:40:52'),
  (234, 234, 53.5, 'Card', 'SUCCESS', '2025-04-16 10:36:44'),
  (235, 235, 107.0, 'Online', 'SUCCESS', '2024-04-11 08:25:59'),
  (236, 236, 102.0, 'Cash', 'SUCCESS', '2024-09-26 11:12:12'),
  (237, 237, 301.0, 'Card', 'SUCCESS', '2024-07-06 22:20:22'),
  (238, 238, 176.0, 'Online', 'SUCCESS', '2025-01-06 22:25:06'),
  (239, 239, 48.0, 'Card', 'FAILED', '2025-08-09 08:13:54'),
  (240, 240, 135.0, 'Online', 'FAILED', '2024-08-29 09:38:10'),
  (241, 241, 43.0, 'Card', 'SUCCESS', '2024-05-30 11:52:32'),
  (242, 242, 202.5, 'Online', 'SUCCESS', '2025-10-04 15:34:36'),
  (243, 243, 202.5, 'Online', 'SUCCESS', '2024-09-12 11:28:04'),
  (244, 244, 102.0, 'Online', 'SUCCESS', '2024-02-29 12:37:03'),
  (245, 245, 432.0, 'Online', 'SUCCESS', '2024-12-06 08:09:55'),
  (246, 246, 53.5, 'Card', 'SUCCESS', '2024-09-20 14:17:18'),
  (247, 247, 170.0, 'Online', 'SUCCESS', '2025-09-11 18:16:53'),
  (248, 248, 107.0, 'Card', 'SUCCESS', '2024-10-18 22:09:57'),
  (249, 249, 67.5, 'Card', 'SUCCESS', '2025-04-01 22:11:04'),
  (250, 250, 88.0, 'Card', 'SUCCESS', '2024-05-28 22:31:57'),
  (251, 251, 102.0, 'Online', 'SUCCESS', '2025-10-07 09:40:12'),
  (252, 252, 53.5, 'Card', 'FAILED', '2024-06-11 10:36:34'),
  (253, 253, 102.0, 'Card', 'SUCCESS', '2024-09-27 11:48:27'),
  (254, 254, 196.0, 'Online', 'SUCCESS', '2025-01-05 22:07:54'),
  (255, 255, 98.0, 'Cash', 'SUCCESS', '2024-05-06 14:01:21'),
  (256, 256, 68.0, 'Card', 'SUCCESS', '2024-03-22 15:50:44'),
  (257, 257, 67.0, 'Cash', 'SUCCESS', '2025-07-12 14:43:59'),
  (258, 258, 216.0, 'Online', 'FAILED', '2024-04-16 14:55:31'),
  (259, 259, 68.0, 'Card', 'SUCCESS', '2024-11-11 21:50:00'),
  (260, 260, 67.5, 'Card', 'SUCCESS', '2024-05-13 09:42:53'),
  (261, 261, 176.0, 'Card', 'SUCCESS', '2024-11-27 13:43:10'),
  (262, 262, 135.0, 'Card', 'FAILED', '2024-10-03 08:49:21'),
  (263, 263, 102.0, 'Cash', 'SUCCESS', '2024-06-30 18:16:25'),
  (264, 264, 220.0, 'Cash', 'SUCCESS', '2025-07-30 09:36:08'),
  (265, 265, 172.0, 'Card', 'SUCCESS', '2024-12-18 20:38:02'),
  (266, 266, 216.0, 'Cash', 'SUCCESS', '2025-02-24 11:27:39'),
  (267, 267, 107.0, 'Cash', 'SUCCESS', '2024-05-19 10:08:57'),
  (268, 268, 72.0, 'Online', 'SUCCESS', '2025-05-03 17:44:46'),
  (269, 269, 62.5, 'Card', 'SUCCESS', '2024-08-21 19:38:45'),
  (270, 270, 88.0, 'Online', 'FAILED', '2025-03-21 18:08:19'),
  (271, 271, 102.0, 'Online', 'FAILED', '2025-01-22 18:05:18'),
  (272, 272, 187.5, 'Card', 'SUCCESS', '2025-09-16 20:48:58'),
  (273, 273, 88.0, 'Card', 'SUCCESS', '2024-10-02 13:59:11'),
  (274, 274, 96.0, 'Card', 'SUCCESS', '2024-04-20 14:30:12'),
  (275, 275, 102.0, 'Cash', 'PENDING', '2025-05-17 08:59:39'),
  (276, 276, 53.0, 'Card', 'SUCCESS', '2024-01-23 17:04:46'),
  (277, 277, 34.0, 'Cash', 'PENDING', '2024-01-06 17:34:31'),
  (278, 278, 576.0, 'Card', 'SUCCESS', '2025-03-03 16:31:45'),
  (279, 279, 53.5, 'Online', 'SUCCESS', '2024-02-01 13:33:36'),
  (280, 280, 250.0, 'Card', 'PENDING', '2024-09-29 20:41:34'),
  (281, 281, 176.0, 'Card', 'SUCCESS', '2024-09-10 18:11:43'),
  (282, 282, 176.0, 'Cash', 'SUCCESS', '2024-09-11 19:17:56'),
  (283, 283, 49.0, 'Card', 'SUCCESS', '2025-04-14 20:24:24'),
  (284, 284, 96.0, 'Online', 'SUCCESS', '2025-01-30 17:02:01'),
  (285, 285, 49.0, 'Online', 'SUCCESS', '2024-02-12 20:47:21'),
  (286, 286, 67.5, 'Online', 'SUCCESS', '2025-01-03 22:33:25'),
  (287, 287, 96.0, 'Card', 'SUCCESS', '2024-08-28 13:52:52'),
  (288, 288, 252.0, 'Cash', 'SUCCESS', '2025-08-20 18:08:43'),
  (289, 289, 250.0, 'Cash', 'SUCCESS', '2025-08-16 20:25:53'),
  (290, 290, 68.0, 'Online', 'SUCCESS', '2024-03-31 16:57:59'),
  (291, 291, 67.0, 'Cash', 'SUCCESS', '2025-09-29 10:16:05'),
  (292, 292, 106.0, 'Online', 'FAILED', '2024-04-18 16:48:21'),
  (293, 293, 187.5, 'Online', 'FAILED', '2025-10-21 22:21:24'),
  (294, 294, 196.0, 'Card', 'SUCCESS', '2024-01-19 17:14:55'),
  (295, 295, 196.0, 'Online', 'SUCCESS', '2025-05-09 09:14:55'),
  (296, 296, 34.0, 'Online', 'SUCCESS', '2024-07-10 13:23:01'),
  (297, 297, 308.0, 'Online', 'SUCCESS', '2024-10-06 14:54:35'),
  (298, 298, 67.5, 'Card', 'SUCCESS', '2024-03-08 20:43:18'),
  (299, 299, 43.0, 'Online', 'SUCCESS', '2025-01-09 12:40:39'),
  (300, 300, 67.5, 'Card', 'SUCCESS', '2024-07-08 22:53:07');

INSERT INTO payments (payment_id, booking_id, amount, payment_method, payment_status, payment_time) VALUES
  (301, 301, 53.5, 'Online', 'SUCCESS', '2024-08-31 08:12:33'),
  (302, 302, 202.5, 'Online', 'SUCCESS', '2024-07-12 12:50:02'),
  (303, 303, 107.0, 'Card', 'SUCCESS', '2024-10-13 12:05:20'),
  (304, 304, 63.0, 'Card', 'SUCCESS', '2025-11-03 11:06:13'),
  (305, 305, 252.0, 'Online', 'FAILED', '2024-07-24 21:26:30'),
  (306, 306, 96.0, 'Online', 'PENDING', '2025-02-01 11:51:27'),
  (307, 307, 53.5, 'Card', 'SUCCESS', '2024-02-20 17:17:54'),
  (308, 308, 86.0, 'Card', 'PENDING', '2025-11-02 12:49:50'),
  (309, 309, 196.0, 'Card', 'SUCCESS', '2025-07-24 15:24:39'),
  (310, 310, 72.0, 'Cash', 'PENDING', '2025-09-20 16:03:38'),
  (311, 311, 67.5, 'Online', 'SUCCESS', '2024-08-06 08:17:23'),
  (312, 312, 170.0, 'Card', 'SUCCESS', '2024-07-11 14:10:56'),
  (313, 313, 202.5, 'Card', 'SUCCESS', '2024-06-29 14:03:20'),
  (314, 314, 68.0, 'Online', 'SUCCESS', '2025-10-12 20:48:28'),
  (315, 315, 53.0, 'Cash', 'SUCCESS', '2024-04-15 10:31:45'),
  (316, 316, 202.5, 'Card', 'SUCCESS', '2024-06-08 16:40:21'),
  (317, 317, 107.0, 'Online', 'SUCCESS', '2025-07-15 20:55:20'),
  (318, 318, 34.0, 'Online', 'SUCCESS', '2024-11-25 10:32:08'),
  (319, 319, 202.5, 'Card', 'SUCCESS', '2025-07-17 09:51:44'),
  (320, 320, 402.0, 'Card', 'SUCCESS', '2025-02-09 22:54:00'),
  (321, 321, 106.0, 'Online', 'SUCCESS', '2025-06-12 13:40:14'),
  (322, 322, 469.0, 'Cash', 'SUCCESS', '2024-11-18 11:08:41'),
  (323, 323, 202.5, 'Online', 'SUCCESS', '2025-07-20 20:20:55'),
  (324, 324, 258.0, 'Card', 'FAILED', '2024-02-06 13:30:02'),
  (325, 325, 102.0, 'Cash', 'SUCCESS', '2024-09-09 16:47:11'),
  (326, 326, 67.5, 'Online', 'SUCCESS', '2025-08-03 21:33:33'),
  (327, 327, 106.0, 'Cash', 'SUCCESS', '2025-05-06 10:31:54'),
  (328, 328, 102.0, 'Online', 'FAILED', '2024-04-04 15:57:40'),
  (329, 329, 441.0, 'Online', 'PENDING', '2025-01-23 18:26:09'),
  (330, 330, 44.0, 'Online', 'SUCCESS', '2025-03-19 22:23:18'),
  (331, 331, 67.5, 'Card', 'PENDING', '2025-09-07 20:52:11'),
  (332, 332, 67.5, 'Online', 'SUCCESS', '2024-11-08 19:08:12'),
  (333, 333, 98.0, 'Online', 'SUCCESS', '2025-05-28 22:53:41'),
  (334, 334, 312.5, 'Card', 'SUCCESS', '2025-04-01 08:24:47'),
  (335, 335, 250.0, 'Card', 'SUCCESS', '2024-10-22 14:16:31'),
  (336, 336, 49.0, 'Card', 'SUCCESS', '2025-08-05 13:01:34'),
  (337, 337, 88.0, 'Card', 'SUCCESS', '2025-05-28 18:29:11'),
  (338, 338, 220.0, 'Online', 'PENDING', '2025-05-11 15:20:16'),
  (339, 339, 68.0, 'Online', 'FAILED', '2025-06-18 15:08:24'),
  (340, 340, 202.5, 'Card', 'SUCCESS', '2025-12-02 13:09:39'),
  (341, 341, 53.5, 'Card', 'SUCCESS', '2025-01-06 14:57:42'),
  (342, 342, 106.0, 'Cash', 'SUCCESS', '2024-11-05 08:35:55'),
  (343, 343, 106.0, 'Card', 'SUCCESS', '2025-09-30 18:30:11'),
  (344, 344, 53.5, 'Card', 'SUCCESS', '2025-12-01 15:50:45'),
  (345, 345, 170.0, 'Online', 'FAILED', '2024-02-24 21:59:01'),
  (346, 346, 201.0, 'Card', 'SUCCESS', '2024-10-20 19:26:56'),
  (347, 347, 201.0, 'Card', 'SUCCESS', '2025-04-24 20:20:42'),
  (348, 348, 135.0, 'Online', 'SUCCESS', '2025-07-11 11:35:35'),
  (349, 349, 49.0, 'Card', 'PENDING', '2025-12-10 18:23:44'),
  (350, 350, 216.0, 'Online', 'PENDING', '2024-02-13 13:35:19'),
  (351, 351, 72.0, 'Card', 'SUCCESS', '2025-09-21 19:47:56'),
  (352, 352, 96.0, 'Card', 'SUCCESS', '2025-01-29 12:15:01'),
  (353, 353, 201.0, 'Cash', 'SUCCESS', '2024-04-18 17:51:49'),
  (354, 354, 202.5, 'Card', 'PENDING', '2025-01-24 10:57:28'),
  (355, 355, 67.5, 'Cash', 'PENDING', '2025-08-31 08:11:36'),
  (356, 356, 202.5, 'Card', 'SUCCESS', '2025-07-28 13:15:42'),
  (357, 357, 107.0, 'Online', 'SUCCESS', '2024-11-05 19:07:13'),
  (358, 358, 107.0, 'Card', 'PENDING', '2025-11-29 10:37:35'),
  (359, 359, 62.5, 'Online', 'SUCCESS', '2024-10-08 10:01:51'),
  (360, 360, 135.0, 'Online', 'PENDING', '2024-01-30 20:23:25'),
  (361, 361, 53.0, 'Online', 'SUCCESS', '2025-11-03 16:12:11'),
  (362, 362, 264.0, 'Card', 'SUCCESS', '2025-09-16 17:51:43'),
  (363, 363, 132.0, 'Online', 'SUCCESS', '2024-06-02 13:43:13'),
  (364, 364, 68.0, 'Online', 'SUCCESS', '2024-05-12 18:32:22'),
  (365, 365, 216.0, 'Card', 'SUCCESS', '2024-05-18 22:03:51'),
  (366, 366, 48.0, 'Online', 'SUCCESS', '2024-05-28 11:01:17'),
  (367, 367, 106.0, 'Online', 'SUCCESS', '2024-04-28 18:05:52'),
  (368, 368, 135.0, 'Cash', 'SUCCESS', '2024-11-20 09:29:04'),
  (369, 369, 202.5, 'Card', 'SUCCESS', '2025-10-13 21:46:36'),
  (370, 370, 53.0, 'Online', 'SUCCESS', '2024-05-14 20:09:41'),
  (371, 371, 102.0, 'Cash', 'SUCCESS', '2025-09-10 18:01:05'),
  (372, 372, 53.5, 'Card', 'SUCCESS', '2024-01-26 08:39:52'),
  (373, 373, 258.0, 'Card', 'SUCCESS', '2025-09-08 15:05:13'),
  (374, 374, 53.0, 'Online', 'SUCCESS', '2024-05-20 10:25:03'),
  (375, 375, 135.0, 'Cash', 'SUCCESS', '2024-01-16 11:10:07'),
  (376, 376, 125.0, 'Online', 'PENDING', '2024-07-23 14:29:48'),
  (377, 377, 258.0, 'Online', 'SUCCESS', '2025-09-23 09:07:24'),
  (378, 378, 62.5, 'Card', 'SUCCESS', '2025-02-17 08:07:39'),
  (379, 379, 220.0, 'Online', 'SUCCESS', '2024-11-14 18:47:59'),
  (380, 380, 48.0, 'Cash', 'SUCCESS', '2025-06-20 11:59:39'),
  (381, 381, 67.5, 'Online', 'SUCCESS', '2024-02-11 17:12:27'),
  (382, 382, 135.0, 'Card', 'SUCCESS', '2024-02-10 18:11:29'),
  (383, 383, 576.0, 'Online', 'SUCCESS', '2024-07-11 20:33:06'),
  (384, 384, 129.0, 'Card', 'SUCCESS', '2024-10-18 09:05:18'),
  (385, 385, 67.5, 'Card', 'SUCCESS', '2025-12-04 18:33:08'),
  (386, 386, 126.0, 'Online', 'SUCCESS', '2025-05-25 10:09:38'),
  (387, 387, 106.0, 'Card', 'SUCCESS', '2025-07-12 19:54:23'),
  (388, 388, 102.0, 'Online', 'SUCCESS', '2025-04-06 21:50:04'),
  (389, 389, 53.5, 'Online', 'SUCCESS', '2024-09-13 20:59:13'),
  (390, 390, 258.0, 'Online', 'SUCCESS', '2025-12-22 10:49:44'),
  (391, 391, 34.0, 'Cash', 'SUCCESS', '2025-06-07 11:29:07'),
  (392, 392, 135.0, 'Card', 'SUCCESS', '2024-06-21 16:20:34'),
  (393, 393, 88.0, 'Card', 'FAILED', '2024-06-14 11:54:01'),
  (394, 394, 576.0, 'Card', 'SUCCESS', '2024-11-10 08:09:30'),
  (395, 395, 335.0, 'Online', 'SUCCESS', '2024-07-24 17:10:30'),
  (396, 396, 67.5, 'Card', 'SUCCESS', '2025-05-25 10:38:39'),
  (397, 397, 96.0, 'Card', 'SUCCESS', '2025-08-25 14:27:55'),
  (398, 398, 134.0, 'Cash', 'SUCCESS', '2025-09-05 10:55:18'),
  (399, 399, 308.0, 'Cash', 'FAILED', '2025-07-24 13:20:16'),
  (400, 400, 53.5, 'Online', 'SUCCESS', '2025-10-30 11:44:45');

INSERT INTO payments (payment_id, booking_id, amount, payment_method, payment_status, payment_time) VALUES
  (401, 401, 432.0, 'Online', 'SUCCESS', '2025-09-09 09:01:39'),
  (402, 402, 159.0, 'Card', 'FAILED', '2024-06-28 17:58:49'),
  (403, 403, 102.0, 'Cash', 'FAILED', '2025-08-30 17:04:23'),
  (404, 404, 67.5, 'Card', 'FAILED', '2025-01-01 13:18:27'),
  (405, 405, 44.0, 'Online', 'FAILED', '2025-01-21 15:53:06'),
  (406, 406, 129.0, 'Card', 'PENDING', '2024-10-23 14:00:07'),
  (407, 407, 220.0, 'Card', 'SUCCESS', '2025-06-23 20:50:32'),
  (408, 408, 102.0, 'Card', 'SUCCESS', '2024-04-18 16:14:06'),
  (409, 409, 147.0, 'Card', 'SUCCESS', '2025-05-10 15:10:27'),
  (410, 410, 102.0, 'Cash', 'SUCCESS', '2025-06-22 20:46:42'),
  (411, 411, 202.5, 'Card', 'SUCCESS', '2025-05-23 21:46:06'),
  (412, 412, 102.0, 'Online', 'SUCCESS', '2025-09-13 09:12:32'),
  (413, 413, 48.0, 'Card', 'SUCCESS', '2025-04-20 08:29:45'),
  (414, 414, 44.0, 'Card', 'SUCCESS', '2025-02-28 21:55:18'),
  (415, 415, 402.0, 'Card', 'SUCCESS', '2024-08-03 15:19:12'),
  (416, 416, 432.0, 'Online', 'SUCCESS', '2024-11-10 08:01:36'),
  (417, 417, 220.0, 'Card', 'SUCCESS', '2024-12-13 15:27:45'),
  (418, 418, 107.0, 'Card', 'SUCCESS', '2024-07-17 11:07:35'),
  (419, 419, 48.0, 'Card', 'SUCCESS', '2024-02-05 17:25:10'),
  (420, 420, 135.0, 'Online', 'FAILED', '2025-06-30 22:16:53'),
  (421, 421, 220.0, 'Card', 'SUCCESS', '2024-02-26 09:22:37'),
  (422, 422, 67.5, 'Card', 'SUCCESS', '2025-07-21 19:54:30'),
  (423, 423, 126.0, 'Card', 'SUCCESS', '2024-12-26 14:26:27'),
  (424, 424, 67.5, 'Card', 'PENDING', '2025-10-03 20:04:50'),
  (425, 425, 308.0, 'Card', 'SUCCESS', '2024-04-26 18:29:07'),
  (426, 426, 201.0, 'Online', 'SUCCESS', '2025-12-25 17:15:34'),
  (427, 427, 215.0, 'Online', 'SUCCESS', '2025-01-13 17:00:20'),
  (428, 428, 62.5, 'Card', 'PENDING', '2025-01-18 13:50:11'),
  (429, 429, 469.0, 'Card', 'SUCCESS', '2025-06-02 20:37:19'),
  (430, 430, 135.0, 'Cash', 'SUCCESS', '2024-12-11 22:58:25'),
  (431, 431, 53.0, 'Online', 'SUCCESS', '2024-11-28 18:14:41'),
  (432, 432, 34.0, 'Card', 'SUCCESS', '2024-05-12 18:07:52'),
  (433, 433, 201.0, 'Card', 'SUCCESS', '2024-04-26 09:26:58'),
  (434, 434, 107.0, 'Card', 'SUCCESS', '2024-03-29 15:18:03'),
  (435, 435, 147.0, 'Card', 'SUCCESS', '2025-11-04 11:53:11'),
  (436, 436, 53.5, 'Online', 'FAILED', '2024-08-01 19:44:32'),
  (437, 437, 48.0, 'Online', 'SUCCESS', '2025-03-27 17:28:51'),
  (438, 438, 102.0, 'Card', 'SUCCESS', '2024-01-14 10:56:27'),
  (439, 439, 107.0, 'Online', 'PENDING', '2025-07-15 08:13:29'),
  (440, 440, 68.0, 'Card', 'FAILED', '2025-08-09 09:05:26'),
  (441, 441, 43.0, 'Card', 'SUCCESS', '2025-07-07 18:51:42'),
  (442, 442, 252.0, 'Cash', 'SUCCESS', '2024-02-21 11:23:43'),
  (443, 443, 102.0, 'Online', 'FAILED', '2025-12-19 22:09:57'),
  (444, 444, 107.0, 'Card', 'PENDING', '2025-09-23 19:53:34'),
  (445, 445, 312.5, 'Cash', 'SUCCESS', '2025-11-15 22:42:32'),
  (446, 446, 34.0, 'Card', 'PENDING', '2025-04-21 16:59:25'),
  (447, 447, 252.0, 'Online', 'SUCCESS', '2025-04-23 10:48:07'),
  (448, 448, 172.0, 'Card', 'SUCCESS', '2025-04-19 16:32:47'),
  (449, 449, 135.0, 'Online', 'SUCCESS', '2024-09-18 16:23:28'),
  (450, 450, 187.5, 'Online', 'SUCCESS', '2024-12-04 20:01:16'),
  (451, 451, 107.0, 'Cash', 'SUCCESS', '2024-04-23 15:42:05'),
  (452, 452, 102.0, 'Online', 'SUCCESS', '2024-12-21 14:36:05'),
  (453, 453, 53.5, 'Card', 'SUCCESS', '2024-04-19 22:10:32'),
  (454, 454, 88.0, 'Online', 'SUCCESS', '2025-08-25 20:10:38'),
  (455, 455, 44.0, 'Online', 'SUCCESS', '2025-05-07 15:46:48'),
  (456, 456, 250.0, 'Card', 'FAILED', '2025-03-14 18:40:03'),
  (457, 457, 159.0, 'Card', 'SUCCESS', '2024-08-28 19:07:16'),
  (458, 458, 176.0, 'Online', 'SUCCESS', '2025-08-07 09:22:27'),
  (459, 459, 441.0, 'Card', 'SUCCESS', '2025-07-21 10:31:18'),
  (460, 460, 34.0, 'Online', 'SUCCESS', '2024-03-11 13:46:24'),
  (461, 461, 107.0, 'Card', 'SUCCESS', '2025-01-20 17:51:54'),
  (462, 462, 202.5, 'Online', 'SUCCESS', '2024-05-19 10:18:40'),
  (463, 463, 48.0, 'Card', 'SUCCESS', '2024-05-27 19:40:18'),
  (464, 464, 172.0, 'Online', 'SUCCESS', '2025-08-13 19:16:59'),
  (465, 465, 187.5, 'Cash', 'SUCCESS', '2025-08-03 16:19:09'),
  (466, 466, 315.0, 'Card', 'SUCCESS', '2024-12-16 09:24:09'),
  (467, 467, 132.0, 'Card', 'PENDING', '2024-05-09 21:40:26'),
  (468, 468, 402.0, 'Card', 'SUCCESS', '2024-02-24 16:36:50'),
  (469, 469, 44.0, 'Online', 'SUCCESS', '2024-10-12 16:44:32'),
  (470, 470, 107.0, 'Card', 'SUCCESS', '2025-09-29 10:16:25'),
  (471, 471, 106.0, 'Card', 'PENDING', '2025-11-06 17:36:04'),
  (472, 472, 176.0, 'Card', 'FAILED', '2025-01-03 09:19:04'),
  (473, 473, 53.0, 'Card', 'PENDING', '2024-05-07 13:42:48'),
  (474, 474, 96.0, 'Online', 'SUCCESS', '2025-05-12 21:55:13'),
  (475, 475, 250.0, 'Online', 'SUCCESS', '2025-10-18 15:46:26'),
  (476, 476, 135.0, 'Online', 'SUCCESS', '2025-09-09 08:58:16'),
  (477, 477, 176.0, 'Card', 'SUCCESS', '2025-07-16 13:49:53'),
  (478, 478, 335.0, 'Online', 'FAILED', '2025-09-09 22:17:48'),
  (479, 479, 504.0, 'Card', 'SUCCESS', '2025-05-28 17:06:27'),
  (480, 480, 68.0, 'Card', 'SUCCESS', '2024-02-07 19:18:17'),
  (481, 481, 126.0, 'Card', 'SUCCESS', '2025-12-05 21:04:30'),
  (482, 482, 86.0, 'Online', 'SUCCESS', '2024-10-13 20:33:08'),
  (483, 483, 48.0, 'Online', 'SUCCESS', '2025-04-28 16:34:58'),
  (484, 484, 34.0, 'Online', 'SUCCESS', '2024-11-12 21:35:09'),
  (485, 485, 344.0, 'Card', 'SUCCESS', '2025-04-23 14:33:54'),
  (486, 486, 216.0, 'Online', 'PENDING', '2024-10-26 17:11:58'),
  (487, 487, 147.0, 'Card', 'FAILED', '2024-11-05 16:27:39'),
  (488, 488, 402.0, 'Online', 'SUCCESS', '2025-08-08 19:37:25'),
  (489, 489, 576.0, 'Online', 'FAILED', '2024-01-26 22:32:24'),
  (490, 490, 216.0, 'Cash', 'SUCCESS', '2024-10-11 13:21:37'),
  (491, 491, 49.0, 'Card', 'SUCCESS', '2024-01-15 09:07:39'),
  (492, 492, 96.0, 'Card', 'SUCCESS', '2024-06-02 08:54:43'),
  (493, 493, 129.0, 'Online', 'PENDING', '2024-08-28 19:59:24'),
  (494, 494, 159.0, 'Online', 'SUCCESS', '2024-03-27 09:30:05'),
  (495, 495, 250.0, 'Card', 'SUCCESS', '2025-02-25 21:38:34'),
  (496, 496, 170.0, 'Online', 'SUCCESS', '2024-06-17 11:26:20'),
  (497, 497, 62.5, 'Card', 'PENDING', '2024-09-26 09:32:37'),
  (498, 498, 172.0, 'Card', 'SUCCESS', '2024-11-04 14:31:00'),
  (499, 499, 159.0, 'Card', 'SUCCESS', '2024-09-23 20:08:19'),
  (500, 500, 96.0, 'Cash', 'SUCCESS', '2025-01-25 08:18:58');

INSERT INTO payments (payment_id, booking_id, amount, payment_method, payment_status, payment_time) VALUES
  (501, 501, 202.5, 'Card', 'SUCCESS', '2024-04-07 20:57:47'),
  (502, 502, 202.5, 'Online', 'SUCCESS', '2025-09-14 15:26:03'),
  (503, 503, 504.0, 'Card', 'SUCCESS', '2024-04-09 08:52:50'),
  (504, 504, 34.0, 'Online', 'FAILED', '2025-11-17 15:48:28'),
  (505, 505, 67.5, 'Card', 'SUCCESS', '2024-11-13 20:19:49'),
  (506, 506, 315.0, 'Card', 'FAILED', '2025-02-25 14:08:15'),
  (507, 507, 288.0, 'Online', 'SUCCESS', '2024-10-14 22:24:50'),
  (508, 508, 48.0, 'Card', 'SUCCESS', '2025-08-28 13:44:18'),
  (509, 509, 441.0, 'Card', 'SUCCESS', '2024-04-30 17:38:22'),
  (510, 510, 34.0, 'Card', 'SUCCESS', '2025-10-22 10:54:11'),
  (511, 511, 86.0, 'Card', 'SUCCESS', '2024-10-27 20:51:28'),
  (512, 512, 147.0, 'Card', 'SUCCESS', '2025-03-10 12:25:08'),
  (513, 513, 176.0, 'Online', 'SUCCESS', '2024-03-01 08:06:05'),
  (514, 514, 86.0, 'Card', 'SUCCESS', '2024-07-01 09:23:58'),
  (515, 515, 159.0, 'Online', 'SUCCESS', '2025-02-04 16:51:33'),
  (516, 516, 170.0, 'Cash', 'PENDING', '2025-03-17 20:57:34'),
  (517, 517, 63.0, 'Card', 'FAILED', '2024-09-19 15:45:31'),
  (518, 518, 268.0, 'Online', 'SUCCESS', '2025-04-01 10:36:38'),
  (519, 519, 96.0, 'Online', 'SUCCESS', '2024-02-08 22:51:17'),
  (520, 520, 34.0, 'Card', 'PENDING', '2025-02-01 20:16:54'),
  (521, 521, 176.0, 'Card', 'SUCCESS', '2025-05-04 10:46:07'),
  (522, 522, 67.5, 'Online', 'SUCCESS', '2024-03-10 11:47:48'),
  (523, 523, 315.0, 'Online', 'SUCCESS', '2025-05-05 13:44:37'),
  (524, 524, 504.0, 'Online', 'PENDING', '2025-11-29 15:35:22'),
  (525, 525, 107.0, 'Online', 'FAILED', '2024-03-31 12:32:11'),
  (526, 526, 48.0, 'Card', 'SUCCESS', '2024-10-22 16:20:56'),
  (527, 527, 102.0, 'Card', 'SUCCESS', '2025-11-05 08:02:43'),
  (528, 528, 107.0, 'Online', 'SUCCESS', '2025-12-04 12:41:29'),
  (529, 529, 53.0, 'Card', 'SUCCESS', '2024-07-12 21:56:04'),
  (530, 530, 301.0, 'Card', 'PENDING', '2024-08-31 22:45:28'),
  (531, 531, 135.0, 'Card', 'SUCCESS', '2025-05-23 18:39:46'),
  (532, 532, 53.5, 'Online', 'SUCCESS', '2024-02-24 22:49:25'),
  (533, 533, 135.0, 'Online', 'SUCCESS', '2025-11-12 18:41:43'),
  (534, 534, 98.0, 'Online', 'SUCCESS', '2024-06-01 11:55:53'),
  (535, 535, 48.0, 'Cash', 'SUCCESS', '2025-05-14 21:04:57'),
  (536, 536, 98.0, 'Card', 'PENDING', '2024-09-05 20:54:04'),
  (537, 537, 308.0, 'Cash', 'FAILED', '2024-11-09 21:02:16'),
  (538, 538, 441.0, 'Card', 'SUCCESS', '2025-08-28 14:38:50'),
  (539, 539, 34.0, 'Online', 'SUCCESS', '2025-09-21 12:39:57'),
  (540, 540, 132.0, 'Card', 'PENDING', '2025-11-23 08:02:54'),
  (541, 541, 53.5, 'Online', 'SUCCESS', '2024-05-20 16:04:45'),
  (542, 542, 189.0, 'Online', 'FAILED', '2024-03-03 16:57:04'),
  (543, 543, 67.5, 'Online', 'SUCCESS', '2025-01-12 12:16:16'),
  (544, 544, 441.0, 'Online', 'PENDING', '2024-05-14 12:27:03'),
  (545, 545, 268.0, 'Online', 'FAILED', '2024-06-08 19:04:30'),
  (546, 546, 96.0, 'Cash', 'SUCCESS', '2025-12-24 08:41:43'),
  (547, 547, 98.0, 'Online', 'FAILED', '2025-04-30 11:41:38'),
  (548, 548, 88.0, 'Card', 'SUCCESS', '2025-04-04 21:34:47'),
  (549, 549, 159.0, 'Card', 'SUCCESS', '2025-08-30 17:33:32'),
  (550, 550, 107.0, 'Online', 'PENDING', '2024-11-04 12:20:30'),
  (551, 551, 315.0, 'Cash', 'SUCCESS', '2025-06-23 09:17:53'),
  (552, 552, 136.0, 'Card', 'SUCCESS', '2025-05-31 11:02:51'),
  (553, 553, 34.0, 'Card', 'SUCCESS', '2024-02-21 19:16:11'),
  (554, 554, 129.0, 'Card', 'PENDING', '2025-04-29 17:28:10'),
  (555, 555, 107.0, 'Cash', 'SUCCESS', '2025-10-22 10:07:41'),
  (556, 556, 67.0, 'Online', 'SUCCESS', '2025-04-06 22:52:10'),
  (557, 557, 62.5, 'Online', 'SUCCESS', '2024-06-09 16:55:32'),
  (558, 558, 102.0, 'Online', 'SUCCESS', '2025-03-30 10:09:07'),
  (559, 559, 34.0, 'Card', 'SUCCESS', '2024-11-28 11:11:56'),
  (560, 560, 88.0, 'Card', 'SUCCESS', '2025-02-23 15:27:24'),
  (561, 561, 43.0, 'Card', 'FAILED', '2025-08-19 19:24:07'),
  (562, 562, 106.0, 'Card', 'SUCCESS', '2025-04-08 11:23:24'),
  (563, 563, 107.0, 'Online', 'SUCCESS', '2025-10-08 22:35:18'),
  (564, 564, 201.0, 'Online', 'FAILED', '2025-08-05 17:32:48'),
  (565, 565, 106.0, 'Card', 'SUCCESS', '2025-03-01 20:48:49'),
  (566, 566, 34.0, 'Online', 'SUCCESS', '2025-10-14 13:19:26'),
  (567, 567, 220.0, 'Online', 'SUCCESS', '2024-03-29 08:00:12'),
  (568, 568, 176.0, 'Online', 'PENDING', '2025-04-26 21:48:25'),
  (569, 569, 102.0, 'Online', 'SUCCESS', '2024-09-07 13:47:37'),
  (570, 570, 202.5, 'Card', 'SUCCESS', '2024-05-30 08:57:44'),
  (571, 571, 43.0, 'Card', 'SUCCESS', '2024-02-08 14:17:05'),
  (572, 572, 44.0, 'Card', 'PENDING', '2025-12-11 22:23:19'),
  (573, 573, 196.0, 'Online', 'SUCCESS', '2024-01-12 12:00:51'),
  (574, 574, 48.0, 'Card', 'SUCCESS', '2024-08-29 17:52:59'),
  (575, 575, 43.0, 'Online', 'SUCCESS', '2025-12-18 08:33:39'),
  (576, 576, 88.0, 'Card', 'SUCCESS', '2025-12-20 14:26:35'),
  (577, 577, 48.0, 'Card', 'SUCCESS', '2025-12-18 16:46:36'),
  (578, 578, 67.5, 'Cash', 'SUCCESS', '2024-12-03 17:29:50'),
  (579, 579, 202.5, 'Card', 'SUCCESS', '2025-09-16 16:35:33'),
  (580, 580, 135.0, 'Online', 'SUCCESS', '2025-09-24 16:43:42'),
  (581, 581, 67.5, 'Cash', 'PENDING', '2025-01-07 13:01:23'),
  (582, 582, 107.0, 'Online', 'FAILED', '2024-02-09 15:54:04'),
  (583, 583, 98.0, 'Cash', 'PENDING', '2025-07-28 19:38:15'),
  (584, 584, 96.0, 'Card', 'FAILED', '2024-04-25 14:56:44'),
  (585, 585, 68.0, 'Online', 'SUCCESS', '2025-12-19 14:00:19'),
  (586, 586, 132.0, 'Online', 'SUCCESS', '2025-11-27 20:57:36'),
  (587, 587, 202.5, 'Card', 'SUCCESS', '2025-05-12 20:29:23'),
  (588, 588, 220.0, 'Card', 'SUCCESS', '2025-11-25 15:31:29'),
  (589, 589, 49.0, 'Card', 'SUCCESS', '2025-11-19 15:18:24'),
  (590, 590, 88.0, 'Cash', 'SUCCESS', '2024-03-23 16:43:51'),
  (591, 591, 144.0, 'Online', 'SUCCESS', '2024-06-15 09:38:45'),
  (592, 592, 202.5, 'Cash', 'PENDING', '2024-07-25 12:11:10'),
  (593, 593, 67.5, 'Card', 'FAILED', '2025-07-06 16:37:04'),
  (594, 594, 201.0, 'Card', 'PENDING', '2025-10-20 19:46:23'),
  (595, 595, 96.0, 'Card', 'SUCCESS', '2025-06-14 18:18:23'),
  (596, 596, 344.0, 'Card', 'SUCCESS', '2024-11-28 14:49:32'),
  (597, 597, 106.0, 'Card', 'SUCCESS', '2024-11-08 10:54:55'),
  (598, 598, 106.0, 'Card', 'SUCCESS', '2024-02-18 19:03:04'),
  (599, 599, 147.0, 'Cash', 'FAILED', '2024-06-11 14:17:03'),
  (600, 600, 202.5, 'Card', 'SUCCESS', '2025-12-09 12:54:55');

INSERT INTO payments (payment_id, booking_id, amount, payment_method, payment_status, payment_time) VALUES
  (601, 601, 53.5, 'Card', 'SUCCESS', '2024-02-11 22:35:39'),
  (602, 602, 49.0, 'Card', 'SUCCESS', '2025-07-27 08:03:05'),
  (603, 603, 129.0, 'Card', 'SUCCESS', '2025-01-15 10:44:16'),
  (604, 604, 135.0, 'Online', 'SUCCESS', '2025-02-17 14:04:24'),
  (605, 605, 53.0, 'Online', 'SUCCESS', '2024-11-21 08:30:04'),
  (606, 606, 96.0, 'Card', 'SUCCESS', '2024-12-05 09:07:36'),
  (607, 607, 48.0, 'Card', 'SUCCESS', '2025-08-09 21:29:56'),
  (608, 608, 53.5, 'Online', 'PENDING', '2025-03-28 13:11:27'),
  (609, 609, 67.5, 'Card', 'PENDING', '2025-11-23 11:52:55'),
  (610, 610, 258.0, 'Online', 'SUCCESS', '2024-08-12 11:02:02'),
  (611, 611, 102.0, 'Card', 'SUCCESS', '2024-07-16 18:00:00'),
  (612, 612, 67.0, 'Online', 'SUCCESS', '2024-07-19 22:32:36'),
  (613, 613, 135.0, 'Online', 'FAILED', '2024-03-28 19:18:14'),
  (614, 614, 402.0, 'Online', 'SUCCESS', '2025-06-04 14:37:35'),
  (615, 615, 132.0, 'Cash', 'PENDING', '2025-01-10 13:08:38'),
  (616, 616, 220.0, 'Card', 'PENDING', '2025-04-01 14:53:46'),
  (617, 617, 250.0, 'Card', 'SUCCESS', '2025-02-28 15:12:51'),
  (618, 618, 196.0, 'Card', 'FAILED', '2025-03-09 22:49:46'),
  (619, 619, 102.0, 'Online', 'SUCCESS', '2024-05-25 08:09:22'),
  (620, 620, 202.5, 'Online', 'SUCCESS', '2024-03-05 11:43:11'),
  (621, 621, 135.0, 'Card', 'SUCCESS', '2025-10-15 22:50:50'),
  (622, 622, 125.0, 'Online', 'FAILED', '2025-08-03 13:55:58'),
  (623, 623, 43.0, 'Card', 'SUCCESS', '2025-07-18 21:17:34'),
  (624, 624, 344.0, 'Card', 'SUCCESS', '2024-11-04 11:37:35'),
  (625, 625, 576.0, 'Card', 'PENDING', '2024-09-23 22:19:59'),
  (626, 626, 106.0, 'Cash', 'SUCCESS', '2025-03-01 10:20:51'),
  (627, 627, 187.5, 'Card', 'FAILED', '2024-04-30 14:58:08'),
  (628, 628, 68.0, 'Cash', 'SUCCESS', '2025-01-05 15:52:28'),
  (629, 629, 86.0, 'Online', 'PENDING', '2025-11-30 13:28:39'),
  (630, 630, 159.0, 'Card', 'SUCCESS', '2024-09-19 10:13:36'),
  (631, 631, 106.0, 'Card', 'PENDING', '2025-12-10 16:59:21'),
  (632, 632, 135.0, 'Online', 'SUCCESS', '2025-10-13 15:40:44'),
  (633, 633, 67.5, 'Card', 'SUCCESS', '2024-03-19 22:14:06'),
  (634, 634, 125.0, 'Online', 'PENDING', '2025-09-02 20:32:24'),
  (635, 635, 187.5, 'Card', 'PENDING', '2025-12-02 10:21:51'),
  (636, 636, 202.5, 'Card', 'FAILED', '2024-04-05 08:43:44'),
  (637, 637, 432.0, 'Card', 'SUCCESS', '2025-06-11 19:39:23'),
  (638, 638, 126.0, 'Online', 'FAILED', '2024-06-13 19:05:43'),
  (639, 639, 102.0, 'Card', 'SUCCESS', '2025-07-26 18:08:11'),
  (640, 640, 202.5, 'Card', 'SUCCESS', '2025-12-28 21:03:00'),
  (641, 641, 441.0, 'Card', 'FAILED', '2024-03-19 09:20:07'),
  (642, 642, 147.0, 'Card', 'PENDING', '2024-11-14 22:56:22'),
  (643, 643, 187.5, 'Online', 'FAILED', '2025-06-17 15:40:56'),
  (644, 644, 68.0, 'Cash', 'SUCCESS', '2024-04-29 08:53:31'),
  (645, 645, 53.0, 'Card', 'FAILED', '2024-11-09 21:08:29'),
  (646, 646, 63.0, 'Cash', 'SUCCESS', '2024-04-22 19:47:37'),
  (647, 647, 63.0, 'Online', 'SUCCESS', '2024-07-19 18:48:53'),
  (648, 648, 189.0, 'Card', 'SUCCESS', '2025-04-22 12:43:39'),
  (649, 649, 62.5, 'Card', 'SUCCESS', '2024-04-08 11:44:57'),
  (650, 650, 96.0, 'Cash', 'SUCCESS', '2024-07-06 10:02:56'),
  (651, 651, 68.0, 'Card', 'SUCCESS', '2024-10-09 09:04:34'),
  (652, 652, 170.0, 'Card', 'SUCCESS', '2025-09-19 11:41:21'),
  (653, 653, 67.5, 'Online', 'SUCCESS', '2024-01-14 16:22:22'),
  (654, 654, 402.0, 'Online', 'FAILED', '2025-07-02 18:36:21'),
  (655, 655, 258.0, 'Card', 'SUCCESS', '2025-12-25 08:03:26'),
  (656, 656, 106.0, 'Online', 'SUCCESS', '2024-04-19 18:01:25'),
  (657, 657, 44.0, 'Cash', 'FAILED', '2024-08-21 09:34:24'),
  (658, 658, 67.5, 'Online', 'SUCCESS', '2024-04-22 20:44:57'),
  (659, 659, 49.0, 'Card', 'FAILED', '2025-07-22 19:43:08'),
  (660, 660, 215.0, 'Online', 'PENDING', '2024-10-16 17:54:18'),
  (661, 661, 132.0, 'Card', 'SUCCESS', '2025-07-19 21:14:01'),
  (662, 662, 135.0, 'Card', 'SUCCESS', '2024-03-09 20:54:54'),
  (663, 663, 86.0, 'Card', 'SUCCESS', '2025-11-20 10:40:22'),
  (664, 664, 126.0, 'Online', 'SUCCESS', '2024-03-27 14:20:16'),
  (665, 665, 189.0, 'Card', 'SUCCESS', '2024-06-19 09:29:34'),
  (666, 666, 126.0, 'Card', 'SUCCESS', '2025-02-16 18:36:44'),
  (667, 667, 312.5, 'Online', 'FAILED', '2025-12-30 12:21:54'),
  (668, 668, 132.0, 'Card', 'SUCCESS', '2025-10-21 17:02:41'),
  (669, 669, 135.0, 'Online', 'FAILED', '2025-05-11 13:15:00'),
  (670, 670, 344.0, 'Cash', 'PENDING', '2024-09-10 16:16:15'),
  (671, 671, 49.0, 'Card', 'SUCCESS', '2024-04-11 09:24:25'),
  (672, 672, 220.0, 'Card', 'SUCCESS', '2024-07-02 12:57:43'),
  (673, 673, 441.0, 'Card', 'PENDING', '2025-09-27 13:48:56'),
  (674, 674, 250.0, 'Online', 'SUCCESS', '2025-05-16 13:54:36'),
  (675, 675, 432.0, 'Online', 'SUCCESS', '2025-05-28 12:10:25'),
  (676, 676, 44.0, 'Card', 'PENDING', '2024-02-01 14:42:51'),
  (677, 677, 43.0, 'Online', 'PENDING', '2025-03-28 15:23:22'),
  (678, 678, 202.5, 'Cash', 'SUCCESS', '2024-11-03 15:56:01'),
  (679, 679, 86.0, 'Online', 'SUCCESS', '2025-01-30 09:05:51'),
  (680, 680, 202.5, 'Card', 'SUCCESS', '2025-12-02 10:12:27'),
  (681, 681, 268.0, 'Online', 'SUCCESS', '2025-06-01 09:22:58'),
  (682, 682, 96.0, 'Online', 'SUCCESS', '2025-09-20 19:00:43'),
  (683, 683, 34.0, 'Card', 'SUCCESS', '2024-01-29 20:07:32'),
  (684, 684, 469.0, 'Card', 'SUCCESS', '2025-08-18 16:35:05'),
  (685, 685, 107.0, 'Online', 'SUCCESS', '2025-03-11 19:30:10'),
  (686, 686, 102.0, 'Online', 'SUCCESS', '2024-09-10 19:03:48'),
  (687, 687, 189.0, 'Online', 'FAILED', '2024-11-07 15:34:48'),
  (688, 688, 96.0, 'Online', 'SUCCESS', '2025-04-15 09:35:24'),
  (689, 689, 196.0, 'Cash', 'SUCCESS', '2024-01-18 22:11:51'),
  (690, 690, 132.0, 'Cash', 'SUCCESS', '2025-08-05 21:03:42'),
  (691, 691, 48.0, 'Card', 'SUCCESS', '2025-12-07 19:48:30'),
  (692, 692, 53.5, 'Card', 'SUCCESS', '2025-11-13 17:18:34'),
  (693, 693, 86.0, 'Card', 'FAILED', '2024-07-24 10:42:09'),
  (694, 694, 201.0, 'Card', 'SUCCESS', '2024-09-26 15:17:41'),
  (695, 695, 49.0, 'Card', 'SUCCESS', '2025-10-01 09:26:23'),
  (696, 696, 144.0, 'Cash', 'SUCCESS', '2024-12-10 18:08:47'),
  (697, 697, 53.5, 'Cash', 'SUCCESS', '2024-08-02 18:13:03'),
  (698, 698, 220.0, 'Card', 'SUCCESS', '2024-11-02 11:54:08'),
  (699, 699, 135.0, 'Card', 'SUCCESS', '2025-09-29 21:59:08'),
  (700, 700, 48.0, 'Online', 'SUCCESS', '2024-01-18 19:12:02');

INSERT INTO payments (payment_id, booking_id, amount, payment_method, payment_status, payment_time) VALUES
  (701, 701, 504.0, 'Online', 'SUCCESS', '2025-04-23 14:21:56'),
  (702, 702, 102.0, 'Card', 'SUCCESS', '2025-06-17 08:43:52'),
  (703, 703, 187.5, 'Card', 'SUCCESS', '2025-12-01 22:53:28'),
  (704, 704, 48.0, 'Card', 'SUCCESS', '2024-03-06 17:34:14'),
  (705, 705, 106.0, 'Card', 'SUCCESS', '2025-10-23 18:10:38'),
  (706, 706, 53.0, 'Card', 'FAILED', '2024-04-26 15:19:24'),
  (707, 707, 301.0, 'Online', 'SUCCESS', '2025-04-19 17:47:33'),
  (708, 708, 216.0, 'Card', 'PENDING', '2024-06-12 12:15:53'),
  (709, 709, 67.5, 'Online', 'FAILED', '2025-11-03 09:39:24'),
  (710, 710, 62.5, 'Card', 'SUCCESS', '2025-05-12 20:55:12'),
  (711, 711, 144.0, 'Online', 'SUCCESS', '2025-09-08 16:03:23'),
  (712, 712, 48.0, 'Card', 'PENDING', '2025-11-15 21:58:25'),
  (713, 713, 34.0, 'Card', 'SUCCESS', '2024-05-23 14:14:44'),
  (714, 714, 96.0, 'Card', 'SUCCESS', '2025-06-15 13:23:03'),
  (715, 715, 187.5, 'Card', 'SUCCESS', '2024-05-03 12:41:02'),
  (716, 716, 135.0, 'Card', 'SUCCESS', '2024-08-28 18:19:38'),
  (717, 717, 301.0, 'Online', 'SUCCESS', '2024-10-05 13:00:19'),
  (718, 718, 53.5, 'Cash', 'SUCCESS', '2025-06-27 11:08:54'),
  (719, 719, 216.0, 'Card', 'SUCCESS', '2024-09-09 09:18:09'),
  (720, 720, 402.0, 'Card', 'SUCCESS', '2024-11-10 22:53:47'),
  (721, 721, 62.5, 'Card', 'SUCCESS', '2025-11-07 12:43:09'),
  (722, 722, 135.0, 'Card', 'SUCCESS', '2024-09-16 16:47:31'),
  (723, 723, 315.0, 'Online', 'SUCCESS', '2025-12-02 19:39:59'),
  (724, 724, 135.0, 'Card', 'SUCCESS', '2024-01-07 22:52:45'),
  (725, 725, 67.5, 'Card', 'SUCCESS', '2024-03-30 12:14:12'),
  (726, 726, 96.0, 'Cash', 'SUCCESS', '2025-03-24 19:18:29'),
  (727, 727, 144.0, 'Online', 'SUCCESS', '2024-02-02 18:03:23'),
  (728, 728, 135.0, 'Cash', 'SUCCESS', '2025-02-24 11:52:02'),
  (729, 729, 88.0, 'Online', 'SUCCESS', '2024-04-12 19:53:23'),
  (730, 730, 102.0, 'Online', 'SUCCESS', '2025-03-03 08:23:46'),
  (731, 731, 469.0, 'Card', 'PENDING', '2025-12-09 22:44:36'),
  (732, 732, 125.0, 'Online', 'SUCCESS', '2025-03-27 14:37:45'),
  (733, 733, 34.0, 'Online', 'PENDING', '2024-11-15 19:49:57'),
  (734, 734, 125.0, 'Online', 'SUCCESS', '2025-10-25 13:15:27'),
  (735, 735, 344.0, 'Card', 'SUCCESS', '2024-11-21 14:24:59'),
  (736, 736, 68.0, 'Online', 'SUCCESS', '2025-12-01 20:04:27'),
  (737, 737, 106.0, 'Card', 'SUCCESS', '2025-01-11 10:21:18'),
  (738, 738, 34.0, 'Card', 'SUCCESS', '2025-08-07 17:21:59'),
  (739, 739, 48.0, 'Online', 'SUCCESS', '2025-09-16 16:05:52'),
  (740, 740, 98.0, 'Card', 'PENDING', '2024-09-24 13:50:23'),
  (741, 741, 53.0, 'Cash', 'SUCCESS', '2024-09-20 10:07:54'),
  (742, 742, 402.0, 'Online', 'SUCCESS', '2024-04-28 10:15:23'),
  (743, 743, 264.0, 'Online', 'SUCCESS', '2025-04-09 12:11:24'),
  (744, 744, 308.0, 'Card', 'SUCCESS', '2024-07-14 18:16:41'),
  (745, 745, 106.0, 'Cash', 'SUCCESS', '2025-01-25 14:52:07'),
  (746, 746, 98.0, 'Card', 'SUCCESS', '2024-10-14 11:45:51'),
  (747, 747, 360.0, 'Card', 'SUCCESS', '2024-01-29 18:49:29'),
  (748, 748, 102.0, 'Card', 'PENDING', '2025-01-13 08:34:41'),
  (749, 749, 132.0, 'Online', 'SUCCESS', '2024-05-14 22:10:09'),
  (750, 750, 176.0, 'Online', 'SUCCESS', '2025-12-28 09:58:59'),
  (751, 751, 67.0, 'Cash', 'SUCCESS', '2025-07-23 13:52:42'),
  (752, 752, 48.0, 'Card', 'PENDING', '2025-09-09 22:57:32'),
  (753, 753, 132.0, 'Online', 'FAILED', '2024-11-02 08:07:31'),
  (754, 754, 106.0, 'Card', 'PENDING', '2025-08-17 19:33:26'),
  (755, 755, 53.0, 'Online', 'SUCCESS', '2025-04-23 11:57:28'),
  (756, 756, 189.0, 'Card', 'SUCCESS', '2024-09-20 14:43:20'),
  (757, 757, 135.0, 'Card', 'SUCCESS', '2025-01-04 09:17:58'),
  (758, 758, 135.0, 'Card', 'SUCCESS', '2024-09-25 21:09:52'),
  (759, 759, 125.0, 'Card', 'SUCCESS', '2025-05-18 22:59:23'),
  (760, 760, 134.0, 'Card', 'FAILED', '2025-03-26 08:01:58'),
  (761, 761, 216.0, 'Card', 'SUCCESS', '2025-04-25 19:08:04'),
  (762, 762, 268.0, 'Card', 'SUCCESS', '2025-05-20 09:27:01'),
  (763, 763, 86.0, 'Cash', 'SUCCESS', '2025-04-13 20:58:13'),
  (764, 764, 126.0, 'Online', 'SUCCESS', '2024-12-23 15:10:58'),
  (765, 765, 132.0, 'Card', 'SUCCESS', '2025-06-01 17:22:22'),
  (766, 766, 335.0, 'Online', 'SUCCESS', '2025-08-17 10:58:46'),
  (767, 767, 250.0, 'Card', 'SUCCESS', '2024-09-06 20:15:22'),
  (768, 768, 48.0, 'Card', 'SUCCESS', '2024-10-16 21:57:55'),
  (769, 769, 132.0, 'Online', 'FAILED', '2024-04-17 10:10:09'),
  (770, 770, 344.0, 'Cash', 'PENDING', '2025-11-03 11:44:39'),
  (771, 771, 53.5, 'Card', 'SUCCESS', '2024-01-05 08:18:23'),
  (772, 772, 53.0, 'Online', 'SUCCESS', '2025-08-04 20:22:14'),
  (773, 773, 62.5, 'Card', 'SUCCESS', '2024-11-26 16:22:02'),
  (774, 774, 252.0, 'Card', 'SUCCESS', '2025-01-25 16:29:02'),
  (775, 775, 63.0, 'Cash', 'SUCCESS', '2025-02-09 20:07:48'),
  (776, 776, 216.0, 'Cash', 'SUCCESS', '2025-02-15 14:02:06'),
  (777, 777, 202.5, 'Card', 'SUCCESS', '2024-11-10 09:22:41'),
  (778, 778, 67.5, 'Online', 'SUCCESS', '2025-01-10 22:35:43'),
  (779, 779, 102.0, 'Cash', 'PENDING', '2024-10-01 21:31:42'),
  (780, 780, 34.0, 'Online', 'SUCCESS', '2025-01-10 16:55:16'),
  (781, 781, 107.0, 'Online', 'SUCCESS', '2025-06-07 15:48:16'),
  (782, 782, 135.0, 'Card', 'SUCCESS', '2024-06-06 19:09:09'),
  (783, 783, 301.0, 'Online', 'PENDING', '2024-10-24 18:06:48'),
  (784, 784, 159.0, 'Cash', 'SUCCESS', '2024-05-31 13:35:42'),
  (785, 785, 72.0, 'Online', 'SUCCESS', '2025-03-12 10:46:22'),
  (786, 786, 135.0, 'Card', 'SUCCESS', '2024-04-18 11:23:41'),
  (787, 787, 132.0, 'Card', 'SUCCESS', '2025-08-02 21:51:15'),
  (788, 788, 67.0, 'Card', 'SUCCESS', '2025-05-30 12:25:43'),
  (789, 789, 176.0, 'Online', 'SUCCESS', '2024-07-04 08:31:42'),
  (790, 790, 107.0, 'Card', 'SUCCESS', '2024-10-29 20:07:41'),
  (791, 791, 53.5, 'Cash', 'SUCCESS', '2024-09-28 11:49:24'),
  (792, 792, 264.0, 'Card', 'FAILED', '2024-09-20 18:25:14'),
  (793, 793, 63.0, 'Cash', 'PENDING', '2025-02-06 14:04:20'),
  (794, 794, 264.0, 'Online', 'SUCCESS', '2025-02-18 13:20:16'),
  (795, 795, 102.0, 'Cash', 'SUCCESS', '2024-11-06 13:05:27'),
  (796, 796, 132.0, 'Online', 'SUCCESS', '2025-11-22 17:49:58'),
  (797, 797, 44.0, 'Online', 'SUCCESS', '2024-04-22 08:36:59'),
  (798, 798, 129.0, 'Online', 'SUCCESS', '2024-07-30 17:13:37'),
  (799, 799, 34.0, 'Card', 'SUCCESS', '2025-07-03 20:11:03'),
  (800, 800, 67.0, 'Card', 'SUCCESS', '2025-03-07 08:16:10');

-- salaries (120 rows)
INSERT INTO salaries (salary_id, employee_id, month, total_hours, total_pay) VALUES
  (1, 1, '2025-09-01', 135, 5089.5),
  (2, 1, '2025-10-01', 100, 3770.0),
  (3, 1, '2025-11-01', 165, 6220.5),
  (4, 1, '2025-12-01', 81, 3053.7),
  (5, 2, '2025-09-01', 89, 3334.83),
  (6, 2, '2025-10-01', 159, 5957.73),
  (7, 2, '2025-11-01', 190, 7119.3),
  (8, 2, '2025-12-01', 163, 6107.61),
  (9, 3, '2025-09-01', 143, 2771.34),
  (10, 3, '2025-10-01', 92, 1782.96),
  (11, 3, '2025-11-01', 97, 1879.86),
  (12, 3, '2025-12-01', 173, 3352.74),
  (13, 4, '2025-09-01', 164, 2796.2),
  (14, 4, '2025-10-01', 91, 1551.55),
  (15, 4, '2025-11-01', 99, 1687.95),
  (16, 4, '2025-12-01', 119, 2028.95),
  (17, 5, '2025-09-01', 89, 3507.49),
  (18, 5, '2025-10-01', 200, 7882.0),
  (19, 5, '2025-11-01', 105, 4138.05),
  (20, 5, '2025-12-01', 153, 6029.73),
  (21, 6, '2025-09-01', 111, 3062.49),
  (22, 6, '2025-10-01', 176, 4855.84),
  (23, 6, '2025-11-01', 171, 4717.89),
  (24, 6, '2025-12-01', 135, 3724.65),
  (25, 7, '2025-09-01', 195, 5528.25),
  (26, 7, '2025-10-01', 159, 4507.65),
  (27, 7, '2025-11-01', 131, 3713.85),
  (28, 7, '2025-12-01', 139, 3940.65),
  (29, 8, '2025-09-01', 148, 4540.64),
  (30, 8, '2025-10-01', 152, 4663.36),
  (31, 8, '2025-11-01', 162, 4970.16),
  (32, 8, '2025-12-01', 138, 4233.84),
  (33, 9, '2025-09-01', 131, 3205.57),
  (34, 9, '2025-10-01', 84, 2055.48),
  (35, 9, '2025-11-01', 152, 3719.44),
  (36, 9, '2025-12-01', 146, 3572.62),
  (37, 10, '2025-09-01', 140, 3910.2),
  (38, 10, '2025-10-01', 107, 2988.51),
  (39, 10, '2025-11-01', 89, 2485.77),
  (40, 10, '2025-12-01', 101, 2820.93),
  (41, 11, '2025-09-01', 134, 3059.22),
  (42, 11, '2025-10-01', 142, 3241.86),
  (43, 11, '2025-11-01', 194, 4429.02),
  (44, 11, '2025-12-01', 141, 3219.03),
  (45, 12, '2025-09-01', 109, 2436.15),
  (46, 12, '2025-10-01', 90, 2011.5),
  (47, 12, '2025-11-01', 182, 4067.7),
  (48, 12, '2025-12-01', 157, 3508.95),
  (49, 13, '2025-09-01', 178, 4394.82),
  (50, 13, '2025-10-01', 103, 2543.07),
  (51, 13, '2025-11-01', 96, 2370.24),
  (52, 13, '2025-12-01', 136, 3357.84),
  (53, 14, '2025-09-01', 163, 3121.45),
  (54, 14, '2025-10-01', 129, 2470.35),
  (55, 14, '2025-11-01', 166, 3178.9),
  (56, 14, '2025-12-01', 177, 3389.55),
  (57, 15, '2025-09-01', 83, 2909.15),
  (58, 15, '2025-10-01', 138, 4836.9),
  (59, 15, '2025-11-01', 123, 4311.15),
  (60, 15, '2025-12-01', 169, 5923.45),
  (61, 16, '2025-09-01', 153, 2822.85),
  (62, 16, '2025-10-01', 147, 2712.15),
  (63, 16, '2025-11-01', 148, 2730.6),
  (64, 16, '2025-12-01', 159, 2933.55),
  (65, 17, '2025-09-01', 140, 2738.4),
  (66, 17, '2025-10-01', 163, 3188.28),
  (67, 17, '2025-11-01', 149, 2914.44),
  (68, 17, '2025-12-01', 133, 2601.48),
  (69, 18, '2025-09-01', 125, 3215.0),
  (70, 18, '2025-10-01', 110, 2829.2),
  (71, 18, '2025-11-01', 187, 4809.64),
  (72, 18, '2025-12-01', 161, 4140.92),
  (73, 19, '2025-09-01', 199, 7868.46),
  (74, 19, '2025-10-01', 106, 4191.24),
  (75, 19, '2025-11-01', 200, 7908.0),
  (76, 19, '2025-12-01', 160, 6326.4),
  (77, 20, '2025-09-01', 167, 3326.64),
  (78, 20, '2025-10-01', 153, 3047.76),
  (79, 20, '2025-11-01', 195, 3884.4),
  (80, 20, '2025-12-01', 197, 3924.24),
  (81, 21, '2025-09-01', 169, 4355.13),
  (82, 21, '2025-10-01', 168, 4329.36),
  (83, 21, '2025-11-01', 119, 3066.63),
  (84, 21, '2025-12-01', 105, 2705.85),
  (85, 22, '2025-09-01', 94, 2249.42),
  (86, 22, '2025-10-01', 157, 3757.01),
  (87, 22, '2025-11-01', 91, 2177.63),
  (88, 22, '2025-12-01', 160, 3828.8),
  (89, 23, '2025-09-01', 178, 4519.42),
  (90, 23, '2025-10-01', 128, 3249.92),
  (91, 23, '2025-11-01', 122, 3097.58),
  (92, 23, '2025-12-01', 119, 3021.41),
  (93, 24, '2025-09-01', 104, 1990.56),
  (94, 24, '2025-10-01', 83, 1588.62),
  (95, 24, '2025-11-01', 145, 2775.3),
  (96, 24, '2025-12-01', 166, 3177.24),
  (97, 25, '2025-09-01', 172, 2960.12),
  (98, 25, '2025-10-01', 180, 3097.8),
  (99, 25, '2025-11-01', 154, 2650.34),
  (100, 25, '2025-12-01', 161, 2770.81);

INSERT INTO salaries (salary_id, employee_id, month, total_hours, total_pay) VALUES
  (101, 26, '2025-09-01', 122, 1949.56),
  (102, 26, '2025-10-01', 103, 1645.94),
  (103, 26, '2025-11-01', 109, 1741.82),
  (104, 26, '2025-12-01', 95, 1518.1),
  (105, 27, '2025-09-01', 98, 2725.38),
  (106, 27, '2025-10-01', 85, 2363.85),
  (107, 27, '2025-11-01', 100, 2781.0),
  (108, 27, '2025-12-01', 95, 2641.95),
  (109, 28, '2025-09-01', 155, 4877.85),
  (110, 28, '2025-10-01', 88, 2769.36),
  (111, 28, '2025-11-01', 125, 3933.75),
  (112, 28, '2025-12-01', 187, 5884.89),
  (113, 29, '2025-09-01', 83, 1713.12),
  (114, 29, '2025-10-01', 179, 3694.56),
  (115, 29, '2025-11-01', 124, 2559.36),
  (116, 29, '2025-12-01', 142, 2930.88),
  (117, 30, '2025-09-01', 183, 3233.61),
  (118, 30, '2025-10-01', 128, 2261.76),
  (119, 30, '2025-11-01', 114, 2014.38),
  (120, 30, '2025-12-01', 116, 2049.72);

-- employee_leaves (40 rows)
INSERT INTO employee_leaves (leave_id, employee_id, start_date, end_date, reason) VALUES
  (1, 19, '2025-11-24', '2025-11-28', 'Medical appointment'),
  (2, 16, '2025-01-04', '2025-01-10', 'Vacation'),
  (3, 1, '2025-03-13', '2025-03-17', 'Jury duty'),
  (4, 15, '2025-07-22', '2025-07-25', 'Medical appointment'),
  (5, 18, '2025-12-07', '2025-12-14', 'Wedding'),
  (6, 16, '2025-07-25', '2025-07-28', 'Mental health day'),
  (7, 15, '2025-10-31', '2025-11-04', 'Medical appointment'),
  (8, 29, '2025-02-15', '2025-02-19', 'Personal day'),
  (9, 13, '2025-06-27', '2025-07-01', 'Vacation'),
  (10, 9, '2025-06-19', '2025-06-20', 'Vacation'),
  (11, 14, '2025-05-06', '2025-05-09', 'Moving'),
  (12, 23, '2025-04-23', '2025-04-27', 'Personal day'),
  (13, 2, '2025-10-29', '2025-11-04', 'Wedding'),
  (14, 9, '2025-10-17', '2025-10-21', 'Mental health day'),
  (15, 6, '2025-08-26', '2025-08-30', 'Sick leave'),
  (16, 4, '2025-11-22', '2025-11-27', NULL),
  (17, 12, '2025-03-12', '2025-03-17', 'Wedding'),
  (18, 8, '2025-06-14', '2025-06-16', 'Vacation'),
  (19, 23, '2025-07-09', '2025-07-14', 'Bereavement'),
  (20, 24, '2025-01-05', '2025-01-07', 'Moving'),
  (21, 12, '2025-02-26', '2025-02-28', 'Jury duty'),
  (22, 6, '2025-08-25', '2025-08-29', NULL),
  (23, 7, '2025-08-07', '2025-08-10', 'Personal day'),
  (24, 3, '2025-06-10', '2025-06-15', 'Medical appointment'),
  (25, 30, '2025-09-26', '2025-10-01', 'Jury duty'),
  (26, 27, '2025-10-19', '2025-10-26', 'Moving'),
  (27, 20, '2025-07-21', '2025-07-24', 'Medical appointment'),
  (28, 14, '2025-12-03', '2025-12-07', 'Personal day'),
  (29, 10, '2025-06-19', '2025-06-26', 'Medical appointment'),
  (30, 28, '2025-05-30', '2025-06-05', 'Personal day'),
  (31, 10, '2025-05-12', '2025-05-19', 'Sick leave'),
  (32, 26, '2025-06-06', '2025-06-11', 'Sick leave'),
  (33, 13, '2025-10-19', '2025-10-24', 'Mental health day'),
  (34, 8, '2025-11-08', '2025-11-10', 'Medical appointment'),
  (35, 9, '2025-10-24', '2025-10-28', 'Medical appointment'),
  (36, 8, '2025-10-22', '2025-10-25', 'Wedding'),
  (37, 9, '2025-01-09', '2025-01-14', NULL),
  (38, 27, '2025-12-03', '2025-12-09', 'Jury duty'),
  (39, 6, '2025-03-16', '2025-03-18', 'Vacation'),
  (40, 19, '2025-06-18', '2025-06-23', 'Wedding');

Reset sequences to max ID + 1SELECT setval(pg_get_serial_sequence('customers', 'customer_id'), (SELECT MAX(customer_id) FROM customers));
SELECT setval(pg_get_serial_sequence('employees', 'employee_id'), (SELECT MAX(employee_id) FROM employees));
SELECT setval(pg_get_serial_sequence('games', 'game_id'), (SELECT MAX(game_id) FROM games));
SELECT setval(pg_get_serial_sequence('rooms', 'room_id'), (SELECT MAX(room_id) FROM rooms));
SELECT setval(pg_get_serial_sequence('bookings', 'booking_id'), (SELECT MAX(booking_id) FROM bookings));
SELECT setval(pg_get_serial_sequence('game_sessions', 'session_id'), (SELECT MAX(session_id) FROM game_sessions));
SELECT setval(pg_get_serial_sequence('clues', 'clue_id'), (SELECT MAX(clue_id) FROM clues));
SELECT setval(pg_get_serial_sequence('payments', 'payment_id'), (SELECT MAX(payment_id) FROM payments));
SELECT setval(pg_get_serial_sequence('salaries', 'salary_id'), (SELECT MAX(salary_id) FROM salaries));
SELECT setval(pg_get_serial_sequence('employee_leaves', 'leave_id'), (SELECT MAX(leave_id) FROM employee_leaves));
